TimeUTC,timestampInMs,requestPath,requestMethod,requestQueryString,responseStatusCode,requestId,requestUserAgent,level,environment,branch,vercelCache,type,function,host,deploymentDomain,deploymentId,durationMs,region,maxMemoryUsed,memorySize,message,projectId,traceId,sessionId,invocationId,instanceId,concurrency
2026-02-25 03:34:24,1771990464773,himo-na.vercel.app/goals/de93852e-3b9c-40d8-b0ee-ced9789315b6/view,GET,_rsc=dt7rl&nxtPid=de93852e-3b9c-40d8-b0ee-ced9789315b6,200,c59tg-1771990464773-f35f7e053eef,"Mozilla/5.0 (Windows NT 10.0; Win64; x64) AppleWebKit/537.36 (KHTML, like Gecko) Chrome/145.0.0.0 Safari/537.36",,production,main,MISS,function,/(.)goals/[id]/view.rsc,himo-na.vercel.app,self-care-o0r9t9mtz-kris-perezzs-projects.vercel.app,dpl_7NSWDaXBUQraDyxUfdCu1hnFJgrb,13,iad1,330,2048,,prj_5VMwLoi8gbQoVOauhp8ZkFtJNAaY,,,01KJ9DSED6XYS160H7X9Z040G5,NweeIQ4kBRif,1
2026-02-25 03:34:24,1771990464773,himo-na.vercel.app/goals/de93852e-3b9c-40d8-b0ee-ced9789315b6/view,GET,_rsc=dt7rl&nxtPid=de93852e-3b9c-40d8-b0ee-ced9789315b6,200,c59tg-1771990464773-f35f7e053eef,"Mozilla/5.0 (Windows NT 10.0; Win64; x64) AppleWebKit/537.36 (KHTML, like Gecko) Chrome/145.0.0.0 Safari/537.36",,production,main,MISS,middleware,middleware,himo-na.vercel.app,self-care-o0r9t9mtz-kris-perezzs-projects.vercel.app,dpl_7NSWDaXBUQraDyxUfdCu1hnFJgrb,89,sfo1,289,2048,,prj_5VMwLoi8gbQoVOauhp8ZkFtJNAaY,,,01KJ9DSE8SM4HDDE7DDDEBQ1QC,ScqwWA5QO9rN,1
2026-02-25 03:34:24,1771990464296,himo-na.vercel.app/goals/de93852e-3b9c-40d8-b0ee-ced9789315b6/view,GET,_rsc=3hd5j,200,gmc5g-1771990464296-c308a708000f,"Mozilla/5.0 (Windows NT 10.0; Win64; x64) AppleWebKit/537.36 (KHTML, like Gecko) Chrome/145.0.0.0 Safari/537.36",,production,main,MISS,middleware,middleware,himo-na.vercel.app,self-care-o0r9t9mtz-kris-perezzs-projects.vercel.app,dpl_7NSWDaXBUQraDyxUfdCu1hnFJgrb,307,sfo1,287,2048,,prj_5VMwLoi8gbQoVOauhp8ZkFtJNAaY,,,01KJ9DSDSX0KB72YD211QKECZW,ScqwWA5QO9rN,1
2026-02-25 03:34:24,1771990464296,himo-na.vercel.app/goals/de93852e-3b9c-40d8-b0ee-ced9789315b6/view,GET,_rsc=3hd5j,200,gmc5g-1771990464296-c308a708000f,"Mozilla/5.0 (Windows NT 10.0; Win64; x64) AppleWebKit/537.36 (KHTML, like Gecko) Chrome/145.0.0.0 Safari/537.36",,production,main,MISS,function,/(.)goals/[id]/view.rsc,himo-na.vercel.app,self-care-o0r9t9mtz-kris-perezzs-projects.vercel.app,dpl_7NSWDaXBUQraDyxUfdCu1hnFJgrb,205,iad1,330,2048,,prj_5VMwLoi8gbQoVOauhp8ZkFtJNAaY,,,01KJ9DSE55Y916KMQXJTDBAH9J,NweeIQ4kBRif,1
2026-02-25 03:31:40,1771990300636,himo-na.vercel.app/login,GET,,304,jgcwh-1771990300636-dcfb222e5f37,"Mozilla/5.0 (Windows NT 10.0; Win64; x64) AppleWebKit/537.36 (KHTML, like Gecko) Chrome/145.0.0.0 Safari/537.36",,production,main,HIT,middleware,middleware,himo-na.vercel.app,self-care-o0r9t9mtz-kris-perezzs-projects.vercel.app,dpl_7NSWDaXBUQraDyxUfdCu1hnFJgrb,9,sfo1,287,2048,,prj_5VMwLoi8gbQoVOauhp8ZkFtJNAaY,,,01KJ9DMDZ9EQC9MPBSR5SDG271,ScqwWA5QO9rN,1
2026-02-25 03:31:40,1771990300636,himo-na.vercel.app/login,GET,,304,jgcwh-1771990300636-dcfb222e5f37,"Mozilla/5.0 (Windows NT 10.0; Win64; x64) AppleWebKit/537.36 (KHTML, like Gecko) Chrome/145.0.0.0 Safari/537.36",,production,main,HIT,static,/login,himo-na.vercel.app,self-care-o0r9t9mtz-kris-perezzs-projects.vercel.app,dpl_7NSWDaXBUQraDyxUfdCu1hnFJgrb,52,pdx1,,,,prj_5VMwLoi8gbQoVOauhp8ZkFtJNAaY,,,,,
2026-02-25 03:31:40,1771990300566,himo-na.vercel.app/manifest.webmanifest,GET,,307,jgcwh-1771990300566-d152a8fc72b2,"Mozilla/5.0 (Windows NT 10.0; Win64; x64) AppleWebKit/537.36 (KHTML, like Gecko) Chrome/145.0.0.0 Safari/537.36",,production,main,,middleware,middleware,himo-na.vercel.app,self-care-o0r9t9mtz-kris-perezzs-projects.vercel.app,dpl_7NSWDaXBUQraDyxUfdCu1hnFJgrb,8,sfo1,287,2048,,prj_5VMwLoi8gbQoVOauhp8ZkFtJNAaY,,,01KJ9DMDX3S8QJ2CXRZNMDACTA,ScqwWA5QO9rN,1
2026-02-25 03:31:40,1771990300566,himo-na.vercel.app/manifest.webmanifest,GET,,307,jgcwh-1771990300566-d152a8fc72b2,"Mozilla/5.0 (Windows NT 10.0; Win64; x64) AppleWebKit/537.36 (KHTML, like Gecko) Chrome/145.0.0.0 Safari/537.36",,production,main,,redirect,/manifest.webmanifest,himo-na.vercel.app,self-care-o0r9t9mtz-kris-perezzs-projects.vercel.app,dpl_7NSWDaXBUQraDyxUfdCu1hnFJgrb,43,pdx1,,,,prj_5VMwLoi8gbQoVOauhp8ZkFtJNAaY,,,,,
2026-02-25 03:31:40,1771990300313,himo-na.vercel.app/home,GET,_rsc=pgnp1,200,mfg6b-1771990300161-d87068c9980c,"Mozilla/5.0 (Windows NT 10.0; Win64; x64) AppleWebKit/537.36 (KHTML, like Gecko) Chrome/145.0.0.0 Safari/537.36",info,production,main,MISS,function,/home,himo-na.vercel.app,himo-na.vercel.app,dpl_7NSWDaXBUQraDyxUfdCu1hnFJgrb,,,,,[server] getUser: 2.2ms,prj_5VMwLoi8gbQoVOauhp8ZkFtJNAaY,,,,,
2026-02-25 03:31:40,1771990300313,himo-na.vercel.app/home,GET,_rsc=pgnp1,200,mfg6b-1771990300161-d87068c9980c,"Mozilla/5.0 (Windows NT 10.0; Win64; x64) AppleWebKit/537.36 (KHTML, like Gecko) Chrome/145.0.0.0 Safari/537.36",warning,production,main,MISS,function,/home,himo-na.vercel.app,himo-na.vercel.app,dpl_7NSWDaXBUQraDyxUfdCu1hnFJgrb,,,,,Using the user object as returned from supabase.auth.getSession() or from some supabase.auth.onAuthStateChange() events could be insecure! This value comes directly from the storage medium (usually cookies on the server) and may not be authentic. Use supabase.auth.getUser() instead which authenticates the data by contacting the Supabase Auth server.,prj_5VMwLoi8gbQoVOauhp8ZkFtJNAaY,,,,,
2026-02-25 03:31:40,1771990300444,himo-na.vercel.app/home,GET,_rsc=pgnp1,200,mfg6b-1771990300161-d87068c9980c,"Mozilla/5.0 (Windows NT 10.0; Win64; x64) AppleWebKit/537.36 (KHTML, like Gecko) Chrome/145.0.0.0 Safari/537.36",info,production,main,MISS,function,/home,himo-na.vercel.app,himo-na.vercel.app,dpl_7NSWDaXBUQraDyxUfdCu1hnFJgrb,,,,,[server] getBalance: 130.8ms,prj_5VMwLoi8gbQoVOauhp8ZkFtJNAaY,,,,,
2026-02-25 03:31:40,1771990300492,himo-na.vercel.app/home,GET,_rsc=pgnp1,200,mfg6b-1771990300161-d87068c9980c,"Mozilla/5.0 (Windows NT 10.0; Win64; x64) AppleWebKit/537.36 (KHTML, like Gecko) Chrome/145.0.0.0 Safari/537.36",info,production,main,MISS,function,/home,himo-na.vercel.app,himo-na.vercel.app,dpl_7NSWDaXBUQraDyxUfdCu1hnFJgrb,,,,,[server] /home queries: 178.6ms,prj_5VMwLoi8gbQoVOauhp8ZkFtJNAaY,,,,,
2026-02-25 03:31:40,1771990300492,himo-na.vercel.app/home,GET,_rsc=pgnp1,200,mfg6b-1771990300161-d87068c9980c,"Mozilla/5.0 (Windows NT 10.0; Win64; x64) AppleWebKit/537.36 (KHTML, like Gecko) Chrome/145.0.0.0 Safari/537.36",info,production,main,MISS,function,/home,himo-na.vercel.app,himo-na.vercel.app,dpl_7NSWDaXBUQraDyxUfdCu1hnFJgrb,,,,,[server] /home total: 181.4ms,prj_5VMwLoi8gbQoVOauhp8ZkFtJNAaY,,,,,
2026-02-25 03:31:40,1771990300161,himo-na.vercel.app/home,GET,_rsc=pgnp1,200,mfg6b-1771990300161-d87068c9980c,"Mozilla/5.0 (Windows NT 10.0; Win64; x64) AppleWebKit/537.36 (KHTML, like Gecko) Chrome/145.0.0.0 Safari/537.36",,production,main,MISS,function,/home.rsc,himo-na.vercel.app,himo-na.vercel.app,dpl_7NSWDaXBUQraDyxUfdCu1hnFJgrb,190,iad1,303,2048,,prj_5VMwLoi8gbQoVOauhp8ZkFtJNAaY,,,01KJ9DMDM22QWEZFG3F25EPAWX,NweeIQ4kBRif,1
2026-02-25 03:31:40,1771990300161,himo-na.vercel.app/home,GET,_rsc=pgnp1,200,mfg6b-1771990300161-d87068c9980c,"Mozilla/5.0 (Windows NT 10.0; Win64; x64) AppleWebKit/537.36 (KHTML, like Gecko) Chrome/145.0.0.0 Safari/537.36",,production,main,MISS,middleware,middleware,himo-na.vercel.app,himo-na.vercel.app,dpl_7NSWDaXBUQraDyxUfdCu1hnFJgrb,66,sfo1,287,2048,,prj_5VMwLoi8gbQoVOauhp8ZkFtJNAaY,,,01KJ9DMDGEJQG4XN9V4K7KEZR8,ScqwWA5QO9rN,1
2026-02-25 03:31:39,1771990299822,himo-na.vercel.app/login,GET,,304,mfg6b-1771990299822-34b2f74678ae,"Mozilla/5.0 (Windows NT 10.0; Win64; x64) AppleWebKit/537.36 (KHTML, like Gecko) Chrome/145.0.0.0 Safari/537.36",,production,main,HIT,middleware,middleware,himo-na.vercel.app,self-care-o0r9t9mtz-kris-perezzs-projects.vercel.app,dpl_7NSWDaXBUQraDyxUfdCu1hnFJgrb,9,sfo1,285,2048,,prj_5VMwLoi8gbQoVOauhp8ZkFtJNAaY,,,01KJ9DMD5W4XXZ87BD6CBWR28Y,ScqwWA5QO9rN,1
2026-02-25 03:31:39,1771990299822,himo-na.vercel.app/login,GET,,304,mfg6b-1771990299822-34b2f74678ae,"Mozilla/5.0 (Windows NT 10.0; Win64; x64) AppleWebKit/537.36 (KHTML, like Gecko) Chrome/145.0.0.0 Safari/537.36",,production,main,HIT,static,/login,himo-na.vercel.app,self-care-o0r9t9mtz-kris-perezzs-projects.vercel.app,dpl_7NSWDaXBUQraDyxUfdCu1hnFJgrb,46,pdx1,,,,prj_5VMwLoi8gbQoVOauhp8ZkFtJNAaY,,,,,
2026-02-25 03:31:39,1771990299757,himo-na.vercel.app/manifest.webmanifest,GET,,307,p8hxn-1771990299757-6ab4579c8dbc,"Mozilla/5.0 (Windows NT 10.0; Win64; x64) AppleWebKit/537.36 (KHTML, like Gecko) Chrome/145.0.0.0 Safari/537.36",,production,main,,middleware,middleware,himo-na.vercel.app,self-care-o0r9t9mtz-kris-perezzs-projects.vercel.app,dpl_7NSWDaXBUQraDyxUfdCu1hnFJgrb,7,sfo1,285,2048,,prj_5VMwLoi8gbQoVOauhp8ZkFtJNAaY,,,01KJ9DMD3T3PXT1H4R07MK2RYY,ScqwWA5QO9rN,1
2026-02-25 03:31:39,1771990299757,himo-na.vercel.app/manifest.webmanifest,GET,,307,p8hxn-1771990299757-6ab4579c8dbc,"Mozilla/5.0 (Windows NT 10.0; Win64; x64) AppleWebKit/537.36 (KHTML, like Gecko) Chrome/145.0.0.0 Safari/537.36",,production,main,,redirect,/manifest.webmanifest,himo-na.vercel.app,self-care-o0r9t9mtz-kris-perezzs-projects.vercel.app,dpl_7NSWDaXBUQraDyxUfdCu1hnFJgrb,38,pdx1,,,,prj_5VMwLoi8gbQoVOauhp8ZkFtJNAaY,,,,,
2026-02-25 03:31:39,1771990299567,himo-na.vercel.app/goals,GET,_rsc=xn4ot,200,p8hxn-1771990299416-c0bb7b0911ee,"Mozilla/5.0 (Windows NT 10.0; Win64; x64) AppleWebKit/537.36 (KHTML, like Gecko) Chrome/145.0.0.0 Safari/537.36",info,production,main,MISS,function,/goals,himo-na.vercel.app,himo-na.vercel.app,dpl_7NSWDaXBUQraDyxUfdCu1hnFJgrb,,,,,[server] getUser: 2.1ms,prj_5VMwLoi8gbQoVOauhp8ZkFtJNAaY,,,,,
2026-02-25 03:31:39,1771990299567,himo-na.vercel.app/goals,GET,_rsc=xn4ot,200,p8hxn-1771990299416-c0bb7b0911ee,"Mozilla/5.0 (Windows NT 10.0; Win64; x64) AppleWebKit/537.36 (KHTML, like Gecko) Chrome/145.0.0.0 Safari/537.36",warning,production,main,MISS,function,/goals,himo-na.vercel.app,himo-na.vercel.app,dpl_7NSWDaXBUQraDyxUfdCu1hnFJgrb,,,,,Using the user object as returned from supabase.auth.getSession() or from some supabase.auth.onAuthStateChange() events could be insecure! This value comes directly from the storage medium (usually cookies on the server) and may not be authentic. Use supabase.auth.getUser() instead which authenticates the data by contacting the Supabase Auth server.,prj_5VMwLoi8gbQoVOauhp8ZkFtJNAaY,,,,,
2026-02-25 03:31:39,1771990299688,himo-na.vercel.app/goals,GET,_rsc=xn4ot,200,p8hxn-1771990299416-c0bb7b0911ee,"Mozilla/5.0 (Windows NT 10.0; Win64; x64) AppleWebKit/537.36 (KHTML, like Gecko) Chrome/145.0.0.0 Safari/537.36",info,production,main,MISS,function,/goals,himo-na.vercel.app,himo-na.vercel.app,dpl_7NSWDaXBUQraDyxUfdCu1hnFJgrb,,,,,[server] /goals query: 122.2ms,prj_5VMwLoi8gbQoVOauhp8ZkFtJNAaY,,,,,
2026-02-25 03:31:39,1771990299688,himo-na.vercel.app/goals,GET,_rsc=xn4ot,200,p8hxn-1771990299416-c0bb7b0911ee,"Mozilla/5.0 (Windows NT 10.0; Win64; x64) AppleWebKit/537.36 (KHTML, like Gecko) Chrome/145.0.0.0 Safari/537.36",info,production,main,MISS,function,/goals,himo-na.vercel.app,himo-na.vercel.app,dpl_7NSWDaXBUQraDyxUfdCu1hnFJgrb,,,,,[server] /goals total: 124.8ms,prj_5VMwLoi8gbQoVOauhp8ZkFtJNAaY,,,,,
2026-02-25 03:31:39,1771990299416,himo-na.vercel.app/goals,GET,_rsc=xn4ot,200,p8hxn-1771990299416-c0bb7b0911ee,"Mozilla/5.0 (Windows NT 10.0; Win64; x64) AppleWebKit/537.36 (KHTML, like Gecko) Chrome/145.0.0.0 Safari/537.36",,production,main,MISS,function,/goals.rsc,himo-na.vercel.app,himo-na.vercel.app,dpl_7NSWDaXBUQraDyxUfdCu1hnFJgrb,135,iad1,303,2048,,prj_5VMwLoi8gbQoVOauhp8ZkFtJNAaY,,,01KJ9DMCWSQ5G4H9X3644SBRJ6,NweeIQ4kBRif,1
2026-02-25 03:31:39,1771990299416,himo-na.vercel.app/goals,GET,_rsc=xn4ot,200,p8hxn-1771990299416-c0bb7b0911ee,"Mozilla/5.0 (Windows NT 10.0; Win64; x64) AppleWebKit/537.36 (KHTML, like Gecko) Chrome/145.0.0.0 Safari/537.36",,production,main,MISS,middleware,middleware,himo-na.vercel.app,himo-na.vercel.app,dpl_7NSWDaXBUQraDyxUfdCu1hnFJgrb,64,sfo1,285,2048,,prj_5VMwLoi8gbQoVOauhp8ZkFtJNAaY,,,01KJ9DMCS53X5JK43NA9PG6Z17,ScqwWA5QO9rN,1
2026-02-25 03:31:39,1771990299301,himo-na.vercel.app/reflect/write,GET,type=prompted&prompt=What%20would%20make%20tomorrow%20great%3F&_rsc=1ak1d,200,mfg6b-1771990299301-c9c14d0580f6,"Mozilla/5.0 (Windows NT 10.0; Win64; x64) AppleWebKit/537.36 (KHTML, like Gecko) Chrome/145.0.0.0 Safari/537.36",,production,main,MISS,function,/reflect/write.rsc,himo-na.vercel.app,self-care-o0r9t9mtz-kris-perezzs-projects.vercel.app,dpl_7NSWDaXBUQraDyxUfdCu1hnFJgrb,9,iad1,303,2048,,prj_5VMwLoi8gbQoVOauhp8ZkFtJNAaY,,,01KJ9DMCS3AV06AGNNRX3JFGEP,NweeIQ4kBRif,1
2026-02-25 03:31:39,1771990299301,himo-na.vercel.app/reflect/write,GET,type=prompted&prompt=What%20would%20make%20tomorrow%20great%3F&_rsc=1ak1d,200,mfg6b-1771990299301-c9c14d0580f6,"Mozilla/5.0 (Windows NT 10.0; Win64; x64) AppleWebKit/537.36 (KHTML, like Gecko) Chrome/145.0.0.0 Safari/537.36",,production,main,MISS,middleware,middleware,himo-na.vercel.app,self-care-o0r9t9mtz-kris-perezzs-projects.vercel.app,dpl_7NSWDaXBUQraDyxUfdCu1hnFJgrb,58,sfo1,285,2048,,prj_5VMwLoi8gbQoVOauhp8ZkFtJNAaY,,,01KJ9DMCNKZ3NP2SB210X1V1X7,ScqwWA5QO9rN,1
2026-02-25 03:31:39,1771990299166,himo-na.vercel.app/login,GET,,304,jgcwh-1771990299166-bc2015c5ace2,"Mozilla/5.0 (Windows NT 10.0; Win64; x64) AppleWebKit/537.36 (KHTML, like Gecko) Chrome/145.0.0.0 Safari/537.36",,production,main,HIT,middleware,middleware,himo-na.vercel.app,self-care-o0r9t9mtz-kris-perezzs-projects.vercel.app,dpl_7NSWDaXBUQraDyxUfdCu1hnFJgrb,8,sfo1,285,2048,,prj_5VMwLoi8gbQoVOauhp8ZkFtJNAaY,,,01KJ9DMCHBRVZB5APW9RFW399A,ScqwWA5QO9rN,1
2026-02-25 03:31:39,1771990299166,himo-na.vercel.app/login,GET,,304,jgcwh-1771990299166-bc2015c5ace2,"Mozilla/5.0 (Windows NT 10.0; Win64; x64) AppleWebKit/537.36 (KHTML, like Gecko) Chrome/145.0.0.0 Safari/537.36",,production,main,HIT,static,/login,himo-na.vercel.app,self-care-o0r9t9mtz-kris-perezzs-projects.vercel.app,dpl_7NSWDaXBUQraDyxUfdCu1hnFJgrb,52,pdx1,,,,prj_5VMwLoi8gbQoVOauhp8ZkFtJNAaY,,,,,
2026-02-25 03:31:39,1771990299090,himo-na.vercel.app/reflect/write,GET,type=prompted&prompt=What%20would%20make%20tomorrow%20great%3F&_rsc=1ig9m,200,kgqp4-1771990299090-fc6f5351717e,"Mozilla/5.0 (Windows NT 10.0; Win64; x64) AppleWebKit/537.36 (KHTML, like Gecko) Chrome/145.0.0.0 Safari/537.36",,production,main,MISS,middleware,middleware,himo-na.vercel.app,self-care-o0r9t9mtz-kris-perezzs-projects.vercel.app,dpl_7NSWDaXBUQraDyxUfdCu1hnFJgrb,62,sfo1,285,2048,,prj_5VMwLoi8gbQoVOauhp8ZkFtJNAaY,,,01KJ9DMCF0C1HJXWM8ZVPXB0HB,ScqwWA5QO9rN,1
2026-02-25 03:31:39,1771990299090,himo-na.vercel.app/reflect/write,GET,type=prompted&prompt=What%20would%20make%20tomorrow%20great%3F&_rsc=1ig9m,200,kgqp4-1771990299090-fc6f5351717e,"Mozilla/5.0 (Windows NT 10.0; Win64; x64) AppleWebKit/537.36 (KHTML, like Gecko) Chrome/145.0.0.0 Safari/537.36",,production,main,MISS,function,/reflect/write.rsc,himo-na.vercel.app,self-care-o0r9t9mtz-kris-perezzs-projects.vercel.app,dpl_7NSWDaXBUQraDyxUfdCu1hnFJgrb,7,iad1,303,2048,,prj_5VMwLoi8gbQoVOauhp8ZkFtJNAaY,,,01KJ9DMCJK50QVPDX8BA52XSKQ,NweeIQ4kBRif,1
2026-02-25 03:31:39,1771990299090,himo-na.vercel.app/manifest.webmanifest,GET,,307,jgcwh-1771990299090-7a7941d5bc91,"Mozilla/5.0 (Windows NT 10.0; Win64; x64) AppleWebKit/537.36 (KHTML, like Gecko) Chrome/145.0.0.0 Safari/537.36",,production,main,,middleware,middleware,himo-na.vercel.app,self-care-o0r9t9mtz-kris-perezzs-projects.vercel.app,dpl_7NSWDaXBUQraDyxUfdCu1hnFJgrb,8,sfo1,284,2048,,prj_5VMwLoi8gbQoVOauhp8ZkFtJNAaY,,,01KJ9DMCF871A3H7KVXCGSNE49,NOzXduDoxRbf,1
2026-02-25 03:31:39,1771990299090,himo-na.vercel.app/manifest.webmanifest,GET,,307,jgcwh-1771990299090-7a7941d5bc91,"Mozilla/5.0 (Windows NT 10.0; Win64; x64) AppleWebKit/537.36 (KHTML, like Gecko) Chrome/145.0.0.0 Safari/537.36",,production,main,,redirect,/manifest.webmanifest,himo-na.vercel.app,self-care-o0r9t9mtz-kris-perezzs-projects.vercel.app,dpl_7NSWDaXBUQraDyxUfdCu1hnFJgrb,49,pdx1,,,,prj_5VMwLoi8gbQoVOauhp8ZkFtJNAaY,,,,,
2026-02-25 03:31:38,1771990298880,himo-na.vercel.app/reflect,GET,_rsc=1vz6n,200,kc6bz-1771990298734-d2a4800d5a81,"Mozilla/5.0 (Windows NT 10.0; Win64; x64) AppleWebKit/537.36 (KHTML, like Gecko) Chrome/145.0.0.0 Safari/537.36",info,production,main,MISS,function,/reflect,himo-na.vercel.app,himo-na.vercel.app,dpl_7NSWDaXBUQraDyxUfdCu1hnFJgrb,,,,,[server] getUser: 2.2ms,prj_5VMwLoi8gbQoVOauhp8ZkFtJNAaY,,,,,
2026-02-25 03:31:38,1771990298881,himo-na.vercel.app/reflect,GET,_rsc=1vz6n,200,kc6bz-1771990298734-d2a4800d5a81,"Mozilla/5.0 (Windows NT 10.0; Win64; x64) AppleWebKit/537.36 (KHTML, like Gecko) Chrome/145.0.0.0 Safari/537.36",warning,production,main,MISS,function,/reflect,himo-na.vercel.app,himo-na.vercel.app,dpl_7NSWDaXBUQraDyxUfdCu1hnFJgrb,,,,,Using the user object as returned from supabase.auth.getSession() or from some supabase.auth.onAuthStateChange() events could be insecure! This value comes directly from the storage medium (usually cookies on the server) and may not be authentic. Use supabase.auth.getUser() instead which authenticates the data by contacting the Supabase Auth server.,prj_5VMwLoi8gbQoVOauhp8ZkFtJNAaY,,,,,
2026-02-25 03:31:39,1771990299020,himo-na.vercel.app/reflect,GET,_rsc=1vz6n,200,kc6bz-1771990298734-d2a4800d5a81,"Mozilla/5.0 (Windows NT 10.0; Win64; x64) AppleWebKit/537.36 (KHTML, like Gecko) Chrome/145.0.0.0 Safari/537.36",info,production,main,MISS,function,/reflect,himo-na.vercel.app,himo-na.vercel.app,dpl_7NSWDaXBUQraDyxUfdCu1hnFJgrb,,,,,[server] /reflect parallel queries: 138.1ms,prj_5VMwLoi8gbQoVOauhp8ZkFtJNAaY,,,,,
2026-02-25 03:31:39,1771990299020,himo-na.vercel.app/reflect,GET,_rsc=1vz6n,200,kc6bz-1771990298734-d2a4800d5a81,"Mozilla/5.0 (Windows NT 10.0; Win64; x64) AppleWebKit/537.36 (KHTML, like Gecko) Chrome/145.0.0.0 Safari/537.36",info,production,main,MISS,function,/reflect,himo-na.vercel.app,himo-na.vercel.app,dpl_7NSWDaXBUQraDyxUfdCu1hnFJgrb,,,,,[server] /reflect total: 142.2ms,prj_5VMwLoi8gbQoVOauhp8ZkFtJNAaY,,,,,
2026-02-25 03:31:38,1771990298734,himo-na.vercel.app/reflect,GET,_rsc=1vz6n,200,kc6bz-1771990298734-d2a4800d5a81,"Mozilla/5.0 (Windows NT 10.0; Win64; x64) AppleWebKit/537.36 (KHTML, like Gecko) Chrome/145.0.0.0 Safari/537.36",,production,main,MISS,function,/reflect.rsc,himo-na.vercel.app,himo-na.vercel.app,dpl_7NSWDaXBUQraDyxUfdCu1hnFJgrb,150,iad1,303,2048,,prj_5VMwLoi8gbQoVOauhp8ZkFtJNAaY,,,01KJ9DMC7DVTR5Y94ZY6D8M7KZ,NweeIQ4kBRif,1
2026-02-25 03:31:38,1771990298734,himo-na.vercel.app/reflect,GET,_rsc=1vz6n,200,kc6bz-1771990298734-d2a4800d5a81,"Mozilla/5.0 (Windows NT 10.0; Win64; x64) AppleWebKit/537.36 (KHTML, like Gecko) Chrome/145.0.0.0 Safari/537.36",,production,main,MISS,middleware,middleware,himo-na.vercel.app,himo-na.vercel.app,dpl_7NSWDaXBUQraDyxUfdCu1hnFJgrb,61,sfo1,285,2048,,prj_5VMwLoi8gbQoVOauhp8ZkFtJNAaY,,,01KJ9DMC3YN3PRJ982G83DR67T,ScqwWA5QO9rN,1
2026-02-25 03:31:38,1771990298413,himo-na.vercel.app/login,GET,,304,ghdp2-1771990298413-1d2ba1c0eb5c,"Mozilla/5.0 (Windows NT 10.0; Win64; x64) AppleWebKit/537.36 (KHTML, like Gecko) Chrome/145.0.0.0 Safari/537.36",,production,main,HIT,middleware,middleware,himo-na.vercel.app,self-care-o0r9t9mtz-kris-perezzs-projects.vercel.app,dpl_7NSWDaXBUQraDyxUfdCu1hnFJgrb,7,sfo1,285,2048,,prj_5VMwLoi8gbQoVOauhp8ZkFtJNAaY,,,01KJ9DMBVVHWSZS56K4AZCSZW8,ScqwWA5QO9rN,1
2026-02-25 03:31:38,1771990298413,himo-na.vercel.app/login,GET,,304,ghdp2-1771990298413-1d2ba1c0eb5c,"Mozilla/5.0 (Windows NT 10.0; Win64; x64) AppleWebKit/537.36 (KHTML, like Gecko) Chrome/145.0.0.0 Safari/537.36",,production,main,HIT,static,/login,himo-na.vercel.app,self-care-o0r9t9mtz-kris-perezzs-projects.vercel.app,dpl_7NSWDaXBUQraDyxUfdCu1hnFJgrb,124,pdx1,,,,prj_5VMwLoi8gbQoVOauhp8ZkFtJNAaY,,,,,
2026-02-25 03:31:38,1771990298329,himo-na.vercel.app/manifest.webmanifest,GET,,307,ghdp2-1771990298329-913049186ea9,"Mozilla/5.0 (Windows NT 10.0; Win64; x64) AppleWebKit/537.36 (KHTML, like Gecko) Chrome/145.0.0.0 Safari/537.36",,production,main,,middleware,middleware,himo-na.vercel.app,self-care-o0r9t9mtz-kris-perezzs-projects.vercel.app,dpl_7NSWDaXBUQraDyxUfdCu1hnFJgrb,7,sfo1,285,2048,,prj_5VMwLoi8gbQoVOauhp8ZkFtJNAaY,,,01KJ9DMBQ9K2S4E856EKX1AT8N,ScqwWA5QO9rN,1
2026-02-25 03:31:38,1771990298329,himo-na.vercel.app/manifest.webmanifest,GET,,307,ghdp2-1771990298329-913049186ea9,"Mozilla/5.0 (Windows NT 10.0; Win64; x64) AppleWebKit/537.36 (KHTML, like Gecko) Chrome/145.0.0.0 Safari/537.36",,production,main,,redirect,/manifest.webmanifest,himo-na.vercel.app,self-care-o0r9t9mtz-kris-perezzs-projects.vercel.app,dpl_7NSWDaXBUQraDyxUfdCu1hnFJgrb,45,pdx1,,,,prj_5VMwLoi8gbQoVOauhp8ZkFtJNAaY,,,,,
2026-02-25 03:31:38,1771990298097,himo-na.vercel.app/rewards,GET,_rsc=lc8ex,200,p8hxn-1771990297953-6f1b011d78d4,"Mozilla/5.0 (Windows NT 10.0; Win64; x64) AppleWebKit/537.36 (KHTML, like Gecko) Chrome/145.0.0.0 Safari/537.36",info,production,main,MISS,function,/rewards,himo-na.vercel.app,himo-na.vercel.app,dpl_7NSWDaXBUQraDyxUfdCu1hnFJgrb,,,,,[server] getUser: 2.4ms,prj_5VMwLoi8gbQoVOauhp8ZkFtJNAaY,,,,,
2026-02-25 03:31:38,1771990298097,himo-na.vercel.app/rewards,GET,_rsc=lc8ex,200,p8hxn-1771990297953-6f1b011d78d4,"Mozilla/5.0 (Windows NT 10.0; Win64; x64) AppleWebKit/537.36 (KHTML, like Gecko) Chrome/145.0.0.0 Safari/537.36",warning,production,main,MISS,function,/rewards,himo-na.vercel.app,himo-na.vercel.app,dpl_7NSWDaXBUQraDyxUfdCu1hnFJgrb,,,,,Using the user object as returned from supabase.auth.getSession() or from some supabase.auth.onAuthStateChange() events could be insecure! This value comes directly from the storage medium (usually cookies on the server) and may not be authentic. Use supabase.auth.getUser() instead which authenticates the data by contacting the Supabase Auth server.,prj_5VMwLoi8gbQoVOauhp8ZkFtJNAaY,,,,,
2026-02-25 03:31:38,1771990298259,himo-na.vercel.app/rewards,GET,_rsc=lc8ex,200,p8hxn-1771990297953-6f1b011d78d4,"Mozilla/5.0 (Windows NT 10.0; Win64; x64) AppleWebKit/537.36 (KHTML, like Gecko) Chrome/145.0.0.0 Safari/537.36",info,production,main,MISS,function,/rewards,himo-na.vercel.app,himo-na.vercel.app,dpl_7NSWDaXBUQraDyxUfdCu1hnFJgrb,,,,,[server] getBalance: 158.5ms,prj_5VMwLoi8gbQoVOauhp8ZkFtJNAaY,,,,,
2026-02-25 03:31:38,1771990298259,himo-na.vercel.app/rewards,GET,_rsc=lc8ex,200,p8hxn-1771990297953-6f1b011d78d4,"Mozilla/5.0 (Windows NT 10.0; Win64; x64) AppleWebKit/537.36 (KHTML, like Gecko) Chrome/145.0.0.0 Safari/537.36",info,production,main,MISS,function,/rewards,himo-na.vercel.app,himo-na.vercel.app,dpl_7NSWDaXBUQraDyxUfdCu1hnFJgrb,,,,,[server] /rewards queries: 158.7ms,prj_5VMwLoi8gbQoVOauhp8ZkFtJNAaY,,,,,
2026-02-25 03:31:38,1771990298259,himo-na.vercel.app/rewards,GET,_rsc=lc8ex,200,p8hxn-1771990297953-6f1b011d78d4,"Mozilla/5.0 (Windows NT 10.0; Win64; x64) AppleWebKit/537.36 (KHTML, like Gecko) Chrome/145.0.0.0 Safari/537.36",info,production,main,MISS,function,/rewards,himo-na.vercel.app,himo-na.vercel.app,dpl_7NSWDaXBUQraDyxUfdCu1hnFJgrb,,,,,[server] /rewards total: 161.6ms,prj_5VMwLoi8gbQoVOauhp8ZkFtJNAaY,,,,,
2026-02-25 03:31:37,1771990297953,himo-na.vercel.app/rewards,GET,_rsc=lc8ex,200,p8hxn-1771990297953-6f1b011d78d4,"Mozilla/5.0 (Windows NT 10.0; Win64; x64) AppleWebKit/537.36 (KHTML, like Gecko) Chrome/145.0.0.0 Safari/537.36",,production,main,MISS,function,/rewards.rsc,himo-na.vercel.app,himo-na.vercel.app,dpl_7NSWDaXBUQraDyxUfdCu1hnFJgrb,172,iad1,303,2048,,prj_5VMwLoi8gbQoVOauhp8ZkFtJNAaY,,,01KJ9DMBEZXM2QTW8ZNF66WHHQ,NweeIQ4kBRif,1
2026-02-25 03:31:37,1771990297953,himo-na.vercel.app/rewards,GET,_rsc=lc8ex,200,p8hxn-1771990297953-6f1b011d78d4,"Mozilla/5.0 (Windows NT 10.0; Win64; x64) AppleWebKit/537.36 (KHTML, like Gecko) Chrome/145.0.0.0 Safari/537.36",,production,main,MISS,middleware,middleware,himo-na.vercel.app,himo-na.vercel.app,dpl_7NSWDaXBUQraDyxUfdCu1hnFJgrb,61,sfo1,285,2048,,prj_5VMwLoi8gbQoVOauhp8ZkFtJNAaY,,,01KJ9DMBBEHPFJEN4301ZB42HH,ScqwWA5QO9rN,1
2026-02-25 03:31:37,1771990297766,himo-na.vercel.app/reflect/write,GET,type=prompted&prompt=What%20gives%20you%20energy%3F&_rsc=1ak1d,200,p8hxn-1771990297766-b867b4af8694,"Mozilla/5.0 (Windows NT 10.0; Win64; x64) AppleWebKit/537.36 (KHTML, like Gecko) Chrome/145.0.0.0 Safari/537.36",,production,main,MISS,function,/reflect/write.rsc,himo-na.vercel.app,self-care-o0r9t9mtz-kris-perezzs-projects.vercel.app,dpl_7NSWDaXBUQraDyxUfdCu1hnFJgrb,11,iad1,303,2048,,prj_5VMwLoi8gbQoVOauhp8ZkFtJNAaY,,,01KJ9DMB9D2HSNHERRQ3S6SP91,NweeIQ4kBRif,1
2026-02-25 03:31:37,1771990297766,himo-na.vercel.app/reflect/write,GET,type=prompted&prompt=What%20gives%20you%20energy%3F&_rsc=1ak1d,200,p8hxn-1771990297766-b867b4af8694,"Mozilla/5.0 (Windows NT 10.0; Win64; x64) AppleWebKit/537.36 (KHTML, like Gecko) Chrome/145.0.0.0 Safari/537.36",,production,main,MISS,middleware,middleware,himo-na.vercel.app,self-care-o0r9t9mtz-kris-perezzs-projects.vercel.app,dpl_7NSWDaXBUQraDyxUfdCu1hnFJgrb,67,sfo1,285,2048,,prj_5VMwLoi8gbQoVOauhp8ZkFtJNAaY,,,01KJ9DMB5PH7HET4W2EVE6AN8Q,ScqwWA5QO9rN,1
2026-02-25 03:31:37,1771990297690,himo-na.vercel.app/reflect/write,GET,type=prompted&prompt=What%20did%20you%20learn%20about%20yourself%20recently%3F&_rsc=1ak1d,200,kc6bz-1771990297690-c1d2019c01f3,"Mozilla/5.0 (Windows NT 10.0; Win64; x64) AppleWebKit/537.36 (KHTML, like Gecko) Chrome/145.0.0.0 Safari/537.36",,production,main,MISS,function,/reflect/write.rsc,himo-na.vercel.app,self-care-o0r9t9mtz-kris-perezzs-projects.vercel.app,dpl_7NSWDaXBUQraDyxUfdCu1hnFJgrb,9,iad1,303,2048,,prj_5VMwLoi8gbQoVOauhp8ZkFtJNAaY,,,01KJ9DMB6Z17J7BAK8YJW7DQDS,NweeIQ4kBRif,1
2026-02-25 03:31:37,1771990297690,himo-na.vercel.app/reflect/write,GET,type=prompted&prompt=What%20did%20you%20learn%20about%20yourself%20recently%3F&_rsc=1ak1d,200,kc6bz-1771990297690-c1d2019c01f3,"Mozilla/5.0 (Windows NT 10.0; Win64; x64) AppleWebKit/537.36 (KHTML, like Gecko) Chrome/145.0.0.0 Safari/537.36",,production,main,MISS,middleware,middleware,himo-na.vercel.app,self-care-o0r9t9mtz-kris-perezzs-projects.vercel.app,dpl_7NSWDaXBUQraDyxUfdCu1hnFJgrb,62,sfo1,285,2048,,prj_5VMwLoi8gbQoVOauhp8ZkFtJNAaY,,,01KJ9DMB3CMV8B5CNDCED02GZZ,ScqwWA5QO9rN,1
2026-02-25 03:31:37,1771990297526,himo-na.vercel.app/login,GET,,304,mfg6b-1771990297526-faf049b6d596,"Mozilla/5.0 (Windows NT 10.0; Win64; x64) AppleWebKit/537.36 (KHTML, like Gecko) Chrome/145.0.0.0 Safari/537.36",,production,main,HIT,middleware,middleware,himo-na.vercel.app,self-care-o0r9t9mtz-kris-perezzs-projects.vercel.app,dpl_7NSWDaXBUQraDyxUfdCu1hnFJgrb,5,sfo1,270,2048,,prj_5VMwLoi8gbQoVOauhp8ZkFtJNAaY,,,01KJ9DMAW1SWBBSW2V7VQP6HP7,hQZDarSPGa97,2
2026-02-25 03:31:37,1771990297526,himo-na.vercel.app/login,GET,,304,mfg6b-1771990297526-faf049b6d596,"Mozilla/5.0 (Windows NT 10.0; Win64; x64) AppleWebKit/537.36 (KHTML, like Gecko) Chrome/145.0.0.0 Safari/537.36",,production,main,HIT,static,/login,himo-na.vercel.app,self-care-o0r9t9mtz-kris-perezzs-projects.vercel.app,dpl_7NSWDaXBUQraDyxUfdCu1hnFJgrb,35,pdx1,,,,prj_5VMwLoi8gbQoVOauhp8ZkFtJNAaY,,,,,
2026-02-25 03:31:37,1771990297458,himo-na.vercel.app/reflect/write,GET,type=prompted&prompt=What%20gives%20you%20energy%3F&_rsc=1ig9m,200,nt4nr-1771990297458-a2abed51bf0d,"Mozilla/5.0 (Windows NT 10.0; Win64; x64) AppleWebKit/537.36 (KHTML, like Gecko) Chrome/145.0.0.0 Safari/537.36",,production,main,MISS,function,/reflect/write.rsc,himo-na.vercel.app,self-care-o0r9t9mtz-kris-perezzs-projects.vercel.app,dpl_7NSWDaXBUQraDyxUfdCu1hnFJgrb,10,iad1,303,2048,,prj_5VMwLoi8gbQoVOauhp8ZkFtJNAaY,,,01KJ9DMB2MES6HBBFFJWSQ1JZ3,NweeIQ4kBRif,1
2026-02-25 03:31:37,1771990297458,himo-na.vercel.app/reflect/write,GET,type=prompted&prompt=What%20gives%20you%20energy%3F&_rsc=1ig9m,200,nt4nr-1771990297458-a2abed51bf0d,"Mozilla/5.0 (Windows NT 10.0; Win64; x64) AppleWebKit/537.36 (KHTML, like Gecko) Chrome/145.0.0.0 Safari/537.36",,production,main,MISS,middleware,middleware,himo-na.vercel.app,self-care-o0r9t9mtz-kris-perezzs-projects.vercel.app,dpl_7NSWDaXBUQraDyxUfdCu1hnFJgrb,130,sfo1,285,2048,,prj_5VMwLoi8gbQoVOauhp8ZkFtJNAaY,,,01KJ9DMAW1SWBBSW2V82G7RMSB,ScqwWA5QO9rN,1
2026-02-25 03:31:37,1771990297458,himo-na.vercel.app/reflect/write,GET,type=prompted&prompt=How%20are%20you%20feeling%20right%20now%2C%20honestly%3F&_rsc=1ak1d,200,kc6bz-1771990297458-aae9f7fc1090,"Mozilla/5.0 (Windows NT 10.0; Win64; x64) AppleWebKit/537.36 (KHTML, like Gecko) Chrome/145.0.0.0 Safari/537.36",,production,main,MISS,function,/reflect/write.rsc,himo-na.vercel.app,self-care-o0r9t9mtz-kris-perezzs-projects.vercel.app,dpl_7NSWDaXBUQraDyxUfdCu1hnFJgrb,12,iad1,319,2048,,prj_5VMwLoi8gbQoVOauhp8ZkFtJNAaY,,,01KJ9DMB02JJDB9M51M0JFMR5Z,l74QnyRqw4g7,1
2026-02-25 03:31:37,1771990297458,himo-na.vercel.app/reflect/write,GET,type=prompted&prompt=How%20are%20you%20feeling%20right%20now%2C%20honestly%3F&_rsc=1ak1d,200,kc6bz-1771990297458-aae9f7fc1090,"Mozilla/5.0 (Windows NT 10.0; Win64; x64) AppleWebKit/537.36 (KHTML, like Gecko) Chrome/145.0.0.0 Safari/537.36",,production,main,MISS,middleware,middleware,himo-na.vercel.app,self-care-o0r9t9mtz-kris-perezzs-projects.vercel.app,dpl_7NSWDaXBUQraDyxUfdCu1hnFJgrb,73,sfo1,282,2048,,prj_5VMwLoi8gbQoVOauhp8ZkFtJNAaY,,,01KJ9DMAW1SWBBSW2V7VQP6HP7,hQZDarSPGa97,2
2026-02-25 03:31:37,1771990297458,himo-na.vercel.app/reflect/write,GET,type=prompted&prompt=What%20did%20you%20learn%20about%20yourself%20recently%3F&_rsc=1ig9m,200,ghdp2-1771990297458-e1fe2fb34976,"Mozilla/5.0 (Windows NT 10.0; Win64; x64) AppleWebKit/537.36 (KHTML, like Gecko) Chrome/145.0.0.0 Safari/537.36",,production,main,MISS,function,/reflect/write.rsc,himo-na.vercel.app,self-care-o0r9t9mtz-kris-perezzs-projects.vercel.app,dpl_7NSWDaXBUQraDyxUfdCu1hnFJgrb,7,iad1,303,2048,,prj_5VMwLoi8gbQoVOauhp8ZkFtJNAaY,,,01KJ9DMB08HVMB5G056KANZNGJ,NweeIQ4kBRif,1
2026-02-25 03:31:37,1771990297458,himo-na.vercel.app/reflect/write,GET,type=prompted&prompt=What%20did%20you%20learn%20about%20yourself%20recently%3F&_rsc=1ig9m,200,ghdp2-1771990297458-e1fe2fb34976,"Mozilla/5.0 (Windows NT 10.0; Win64; x64) AppleWebKit/537.36 (KHTML, like Gecko) Chrome/145.0.0.0 Safari/537.36",,production,main,MISS,middleware,middleware,himo-na.vercel.app,self-care-o0r9t9mtz-kris-perezzs-projects.vercel.app,dpl_7NSWDaXBUQraDyxUfdCu1hnFJgrb,84,sfo1,284,2048,,prj_5VMwLoi8gbQoVOauhp8ZkFtJNAaY,,,01KJ9DMAW1SWBBSW2V80M99H34,NOzXduDoxRbf,1
2026-02-25 03:31:37,1771990297457,himo-na.vercel.app/manifest.webmanifest,GET,,307,kc6bz-1771990297457-af00616b9a9f,"Mozilla/5.0 (Windows NT 10.0; Win64; x64) AppleWebKit/537.36 (KHTML, like Gecko) Chrome/145.0.0.0 Safari/537.36",,production,main,,middleware,middleware,himo-na.vercel.app,self-care-o0r9t9mtz-kris-perezzs-projects.vercel.app,dpl_7NSWDaXBUQraDyxUfdCu1hnFJgrb,8,sfo1,283,2048,,prj_5VMwLoi8gbQoVOauhp8ZkFtJNAaY,,,01KJ9DMAVZ4ZZXEVDXGTBWGR91,Yt71aKkae1qH,1
2026-02-25 03:31:37,1771990297457,himo-na.vercel.app/manifest.webmanifest,GET,,307,kc6bz-1771990297457-af00616b9a9f,"Mozilla/5.0 (Windows NT 10.0; Win64; x64) AppleWebKit/537.36 (KHTML, like Gecko) Chrome/145.0.0.0 Safari/537.36",,production,main,,redirect,/manifest.webmanifest,himo-na.vercel.app,self-care-o0r9t9mtz-kris-perezzs-projects.vercel.app,dpl_7NSWDaXBUQraDyxUfdCu1hnFJgrb,42,pdx1,,,,prj_5VMwLoi8gbQoVOauhp8ZkFtJNAaY,,,,,
2026-02-25 03:31:37,1771990297229,himo-na.vercel.app/reflect,GET,_rsc=j113b,200,xb45w-1771990297081-e931b4d36454,"Mozilla/5.0 (Windows NT 10.0; Win64; x64) AppleWebKit/537.36 (KHTML, like Gecko) Chrome/145.0.0.0 Safari/537.36",info,production,main,MISS,function,/reflect,himo-na.vercel.app,himo-na.vercel.app,dpl_7NSWDaXBUQraDyxUfdCu1hnFJgrb,,,,,[server] getUser: 2.3ms,prj_5VMwLoi8gbQoVOauhp8ZkFtJNAaY,,,,,
2026-02-25 03:31:37,1771990297229,himo-na.vercel.app/reflect,GET,_rsc=j113b,200,xb45w-1771990297081-e931b4d36454,"Mozilla/5.0 (Windows NT 10.0; Win64; x64) AppleWebKit/537.36 (KHTML, like Gecko) Chrome/145.0.0.0 Safari/537.36",warning,production,main,MISS,function,/reflect,himo-na.vercel.app,himo-na.vercel.app,dpl_7NSWDaXBUQraDyxUfdCu1hnFJgrb,,,,,Using the user object as returned from supabase.auth.getSession() or from some supabase.auth.onAuthStateChange() events could be insecure! This value comes directly from the storage medium (usually cookies on the server) and may not be authentic. Use supabase.auth.getUser() instead which authenticates the data by contacting the Supabase Auth server.,prj_5VMwLoi8gbQoVOauhp8ZkFtJNAaY,,,,,
2026-02-25 03:31:37,1771990297385,himo-na.vercel.app/reflect,GET,_rsc=j113b,200,xb45w-1771990297081-e931b4d36454,"Mozilla/5.0 (Windows NT 10.0; Win64; x64) AppleWebKit/537.36 (KHTML, like Gecko) Chrome/145.0.0.0 Safari/537.36",info,production,main,MISS,function,/reflect,himo-na.vercel.app,himo-na.vercel.app,dpl_7NSWDaXBUQraDyxUfdCu1hnFJgrb,,,,,[server] /reflect parallel queries: 155.6ms,prj_5VMwLoi8gbQoVOauhp8ZkFtJNAaY,,,,,
2026-02-25 03:31:37,1771990297386,himo-na.vercel.app/reflect,GET,_rsc=j113b,200,xb45w-1771990297081-e931b4d36454,"Mozilla/5.0 (Windows NT 10.0; Win64; x64) AppleWebKit/537.36 (KHTML, like Gecko) Chrome/145.0.0.0 Safari/537.36",info,production,main,MISS,function,/reflect,himo-na.vercel.app,himo-na.vercel.app,dpl_7NSWDaXBUQraDyxUfdCu1hnFJgrb,,,,,[server] /reflect total: 158.9ms,prj_5VMwLoi8gbQoVOauhp8ZkFtJNAaY,,,,,
2026-02-25 03:31:37,1771990297081,himo-na.vercel.app/reflect,GET,_rsc=j113b,200,xb45w-1771990297081-e931b4d36454,"Mozilla/5.0 (Windows NT 10.0; Win64; x64) AppleWebKit/537.36 (KHTML, like Gecko) Chrome/145.0.0.0 Safari/537.36",,production,main,MISS,function,/reflect.rsc,himo-na.vercel.app,himo-na.vercel.app,dpl_7NSWDaXBUQraDyxUfdCu1hnFJgrb,168,iad1,319,2048,,prj_5VMwLoi8gbQoVOauhp8ZkFtJNAaY,,,01KJ9DMAKSYCYJE8ZPJC9RPKWQ,l74QnyRqw4g7,1
2026-02-25 03:31:37,1771990297081,himo-na.vercel.app/reflect,GET,_rsc=j113b,200,xb45w-1771990297081-e931b4d36454,"Mozilla/5.0 (Windows NT 10.0; Win64; x64) AppleWebKit/537.36 (KHTML, like Gecko) Chrome/145.0.0.0 Safari/537.36",,production,main,MISS,middleware,middleware,himo-na.vercel.app,himo-na.vercel.app,dpl_7NSWDaXBUQraDyxUfdCu1hnFJgrb,66,sfo1,283,2048,,prj_5VMwLoi8gbQoVOauhp8ZkFtJNAaY,,,01KJ9DMAG78YJDK46S26F0Z4YB,Yt71aKkae1qH,1
2026-02-25 03:31:36,1771990296723,himo-na.vercel.app/login,GET,,304,jgcwh-1771990296723-8badbe44121f,"Mozilla/5.0 (Windows NT 10.0; Win64; x64) AppleWebKit/537.36 (KHTML, like Gecko) Chrome/145.0.0.0 Safari/537.36",,production,main,HIT,middleware,middleware,himo-na.vercel.app,self-care-o0r9t9mtz-kris-perezzs-projects.vercel.app,dpl_7NSWDaXBUQraDyxUfdCu1hnFJgrb,9,sfo1,281,2048,,prj_5VMwLoi8gbQoVOauhp8ZkFtJNAaY,,,01KJ9DMA5H85RKATBTKMJNQQ0M,Yt71aKkae1qH,1
2026-02-25 03:31:36,1771990296723,himo-na.vercel.app/login,GET,,304,jgcwh-1771990296723-8badbe44121f,"Mozilla/5.0 (Windows NT 10.0; Win64; x64) AppleWebKit/537.36 (KHTML, like Gecko) Chrome/145.0.0.0 Safari/537.36",,production,main,HIT,static,/login,himo-na.vercel.app,self-care-o0r9t9mtz-kris-perezzs-projects.vercel.app,dpl_7NSWDaXBUQraDyxUfdCu1hnFJgrb,64,pdx1,,,,prj_5VMwLoi8gbQoVOauhp8ZkFtJNAaY,,,,,
2026-02-25 03:31:36,1771990296647,himo-na.vercel.app/manifest.webmanifest,GET,,307,kc6bz-1771990296647-8d799fdbd7e6,"Mozilla/5.0 (Windows NT 10.0; Win64; x64) AppleWebKit/537.36 (KHTML, like Gecko) Chrome/145.0.0.0 Safari/537.36",,production,main,,middleware,middleware,himo-na.vercel.app,self-care-o0r9t9mtz-kris-perezzs-projects.vercel.app,dpl_7NSWDaXBUQraDyxUfdCu1hnFJgrb,10,sfo1,281,2048,,prj_5VMwLoi8gbQoVOauhp8ZkFtJNAaY,,,01KJ9DMA2NZ1J6YGDHMJW2E5PE,Yt71aKkae1qH,1
2026-02-25 03:31:36,1771990296647,himo-na.vercel.app/manifest.webmanifest,GET,,307,kc6bz-1771990296647-8d799fdbd7e6,"Mozilla/5.0 (Windows NT 10.0; Win64; x64) AppleWebKit/537.36 (KHTML, like Gecko) Chrome/145.0.0.0 Safari/537.36",,production,main,,redirect,/manifest.webmanifest,himo-na.vercel.app,self-care-o0r9t9mtz-kris-perezzs-projects.vercel.app,dpl_7NSWDaXBUQraDyxUfdCu1hnFJgrb,44,pdx1,,,,prj_5VMwLoi8gbQoVOauhp8ZkFtJNAaY,,,,,
2026-02-25 03:31:36,1771990296416,himo-na.vercel.app/goals,GET,_rsc=v4o00,200,w54s8-1771990296242-5c220c2fafc9,"Mozilla/5.0 (Windows NT 10.0; Win64; x64) AppleWebKit/537.36 (KHTML, like Gecko) Chrome/145.0.0.0 Safari/537.36",info,production,main,MISS,function,/goals,himo-na.vercel.app,himo-na.vercel.app,dpl_7NSWDaXBUQraDyxUfdCu1hnFJgrb,,,,,[server] getUser: 2.3ms,prj_5VMwLoi8gbQoVOauhp8ZkFtJNAaY,,,,,
2026-02-25 03:31:36,1771990296416,himo-na.vercel.app/goals,GET,_rsc=v4o00,200,w54s8-1771990296242-5c220c2fafc9,"Mozilla/5.0 (Windows NT 10.0; Win64; x64) AppleWebKit/537.36 (KHTML, like Gecko) Chrome/145.0.0.0 Safari/537.36",warning,production,main,MISS,function,/goals,himo-na.vercel.app,himo-na.vercel.app,dpl_7NSWDaXBUQraDyxUfdCu1hnFJgrb,,,,,Using the user object as returned from supabase.auth.getSession() or from some supabase.auth.onAuthStateChange() events could be insecure! This value comes directly from the storage medium (usually cookies on the server) and may not be authentic. Use supabase.auth.getUser() instead which authenticates the data by contacting the Supabase Auth server.,prj_5VMwLoi8gbQoVOauhp8ZkFtJNAaY,,,,,
2026-02-25 03:31:36,1771990296574,himo-na.vercel.app/goals,GET,_rsc=v4o00,200,w54s8-1771990296242-5c220c2fafc9,"Mozilla/5.0 (Windows NT 10.0; Win64; x64) AppleWebKit/537.36 (KHTML, like Gecko) Chrome/145.0.0.0 Safari/537.36",info,production,main,MISS,function,/goals,himo-na.vercel.app,himo-na.vercel.app,dpl_7NSWDaXBUQraDyxUfdCu1hnFJgrb,,,,,[server] /goals query: 157.4ms,prj_5VMwLoi8gbQoVOauhp8ZkFtJNAaY,,,,,
2026-02-25 03:31:36,1771990296574,himo-na.vercel.app/goals,GET,_rsc=v4o00,200,w54s8-1771990296242-5c220c2fafc9,"Mozilla/5.0 (Windows NT 10.0; Win64; x64) AppleWebKit/537.36 (KHTML, like Gecko) Chrome/145.0.0.0 Safari/537.36",info,production,main,MISS,function,/goals,himo-na.vercel.app,himo-na.vercel.app,dpl_7NSWDaXBUQraDyxUfdCu1hnFJgrb,,,,,[server] /goals total: 160.3ms,prj_5VMwLoi8gbQoVOauhp8ZkFtJNAaY,,,,,
2026-02-25 03:31:36,1771990296242,himo-na.vercel.app/goals,GET,_rsc=v4o00,200,w54s8-1771990296242-5c220c2fafc9,"Mozilla/5.0 (Windows NT 10.0; Win64; x64) AppleWebKit/537.36 (KHTML, like Gecko) Chrome/145.0.0.0 Safari/537.36",,production,main,MISS,function,/goals.rsc,himo-na.vercel.app,himo-na.vercel.app,dpl_7NSWDaXBUQraDyxUfdCu1hnFJgrb,169,iad1,318,2048,,prj_5VMwLoi8gbQoVOauhp8ZkFtJNAaY,,,01KJ9DM9TC6SEVVW4KSS66JS7Y,l74QnyRqw4g7,1
2026-02-25 03:31:36,1771990296242,himo-na.vercel.app/goals,GET,_rsc=v4o00,200,w54s8-1771990296242-5c220c2fafc9,"Mozilla/5.0 (Windows NT 10.0; Win64; x64) AppleWebKit/537.36 (KHTML, like Gecko) Chrome/145.0.0.0 Safari/537.36",,production,main,MISS,middleware,middleware,himo-na.vercel.app,himo-na.vercel.app,dpl_7NSWDaXBUQraDyxUfdCu1hnFJgrb,86,sfo1,281,2048,,prj_5VMwLoi8gbQoVOauhp8ZkFtJNAaY,,,01KJ9DM9P2XY02QRCG67JP7ACY,Yt71aKkae1qH,1
2026-02-25 03:31:36,1771990296000,himo-na.vercel.app/login,GET,,304,kc6bz-1771990296000-6c4fc44019d2,"Mozilla/5.0 (Windows NT 10.0; Win64; x64) AppleWebKit/537.36 (KHTML, like Gecko) Chrome/145.0.0.0 Safari/537.36",,production,main,HIT,middleware,middleware,himo-na.vercel.app,self-care-o0r9t9mtz-kris-perezzs-projects.vercel.app,dpl_7NSWDaXBUQraDyxUfdCu1hnFJgrb,9,sfo1,279,2048,,prj_5VMwLoi8gbQoVOauhp8ZkFtJNAaY,,,01KJ9DM9EFSZD093YWWVZ12H6Q,Yt71aKkae1qH,1
2026-02-25 03:31:36,1771990296000,himo-na.vercel.app/login,GET,,304,kc6bz-1771990296000-6c4fc44019d2,"Mozilla/5.0 (Windows NT 10.0; Win64; x64) AppleWebKit/537.36 (KHTML, like Gecko) Chrome/145.0.0.0 Safari/537.36",,production,main,HIT,static,/login,himo-na.vercel.app,self-care-o0r9t9mtz-kris-perezzs-projects.vercel.app,dpl_7NSWDaXBUQraDyxUfdCu1hnFJgrb,45,pdx1,,,,prj_5VMwLoi8gbQoVOauhp8ZkFtJNAaY,,,,,
2026-02-25 03:31:35,1771990295931,himo-na.vercel.app/manifest.webmanifest,GET,,307,kc6bz-1771990295931-c651cd330c07,"Mozilla/5.0 (Windows NT 10.0; Win64; x64) AppleWebKit/537.36 (KHTML, like Gecko) Chrome/145.0.0.0 Safari/537.36",,production,main,,middleware,middleware,himo-na.vercel.app,self-care-o0r9t9mtz-kris-perezzs-projects.vercel.app,dpl_7NSWDaXBUQraDyxUfdCu1hnFJgrb,8,sfo1,278,2048,,prj_5VMwLoi8gbQoVOauhp8ZkFtJNAaY,,,01KJ9DM9C967EY6VBMWQ589KAS,Yt71aKkae1qH,1
2026-02-25 03:31:35,1771990295931,himo-na.vercel.app/manifest.webmanifest,GET,,307,kc6bz-1771990295931-c651cd330c07,"Mozilla/5.0 (Windows NT 10.0; Win64; x64) AppleWebKit/537.36 (KHTML, like Gecko) Chrome/145.0.0.0 Safari/537.36",,production,main,,redirect,/manifest.webmanifest,himo-na.vercel.app,self-care-o0r9t9mtz-kris-perezzs-projects.vercel.app,dpl_7NSWDaXBUQraDyxUfdCu1hnFJgrb,42,pdx1,,,,prj_5VMwLoi8gbQoVOauhp8ZkFtJNAaY,,,,,
2026-02-25 03:31:35,1771990295682,himo-na.vercel.app/home,GET,_rsc=16c0n,200,pvbqf-1771990295524-2648ba8d1b69,"Mozilla/5.0 (Windows NT 10.0; Win64; x64) AppleWebKit/537.36 (KHTML, like Gecko) Chrome/145.0.0.0 Safari/537.36",info,production,main,MISS,function,/home,himo-na.vercel.app,himo-na.vercel.app,dpl_7NSWDaXBUQraDyxUfdCu1hnFJgrb,,,,,[server] getUser: 3.7ms,prj_5VMwLoi8gbQoVOauhp8ZkFtJNAaY,,,,,
2026-02-25 03:31:35,1771990295682,himo-na.vercel.app/home,GET,_rsc=16c0n,200,pvbqf-1771990295524-2648ba8d1b69,"Mozilla/5.0 (Windows NT 10.0; Win64; x64) AppleWebKit/537.36 (KHTML, like Gecko) Chrome/145.0.0.0 Safari/537.36",warning,production,main,MISS,function,/home,himo-na.vercel.app,himo-na.vercel.app,dpl_7NSWDaXBUQraDyxUfdCu1hnFJgrb,,,,,Using the user object as returned from supabase.auth.getSession() or from some supabase.auth.onAuthStateChange() events could be insecure! This value comes directly from the storage medium (usually cookies on the server) and may not be authentic. Use supabase.auth.getUser() instead which authenticates the data by contacting the Supabase Auth server.,prj_5VMwLoi8gbQoVOauhp8ZkFtJNAaY,,,,,
2026-02-25 03:31:35,1771990295816,himo-na.vercel.app/home,GET,_rsc=16c0n,200,pvbqf-1771990295524-2648ba8d1b69,"Mozilla/5.0 (Windows NT 10.0; Win64; x64) AppleWebKit/537.36 (KHTML, like Gecko) Chrome/145.0.0.0 Safari/537.36",info,production,main,MISS,function,/home,himo-na.vercel.app,himo-na.vercel.app,dpl_7NSWDaXBUQraDyxUfdCu1hnFJgrb,,,,,[server] getBalance: 134.8ms,prj_5VMwLoi8gbQoVOauhp8ZkFtJNAaY,,,,,
2026-02-25 03:31:35,1771990295861,himo-na.vercel.app/home,GET,_rsc=16c0n,200,pvbqf-1771990295524-2648ba8d1b69,"Mozilla/5.0 (Windows NT 10.0; Win64; x64) AppleWebKit/537.36 (KHTML, like Gecko) Chrome/145.0.0.0 Safari/537.36",info,production,main,MISS,function,/home,himo-na.vercel.app,himo-na.vercel.app,dpl_7NSWDaXBUQraDyxUfdCu1hnFJgrb,,,,,[server] /home queries: 180.7ms,prj_5VMwLoi8gbQoVOauhp8ZkFtJNAaY,,,,,
2026-02-25 03:31:35,1771990295861,himo-na.vercel.app/home,GET,_rsc=16c0n,200,pvbqf-1771990295524-2648ba8d1b69,"Mozilla/5.0 (Windows NT 10.0; Win64; x64) AppleWebKit/537.36 (KHTML, like Gecko) Chrome/145.0.0.0 Safari/537.36",info,production,main,MISS,function,/home,himo-na.vercel.app,himo-na.vercel.app,dpl_7NSWDaXBUQraDyxUfdCu1hnFJgrb,,,,,[server] /home total: 185.0ms,prj_5VMwLoi8gbQoVOauhp8ZkFtJNAaY,,,,,
2026-02-25 03:31:35,1771990295524,himo-na.vercel.app/home,GET,_rsc=16c0n,200,pvbqf-1771990295524-2648ba8d1b69,"Mozilla/5.0 (Windows NT 10.0; Win64; x64) AppleWebKit/537.36 (KHTML, like Gecko) Chrome/145.0.0.0 Safari/537.36",,production,main,MISS,middleware,middleware,himo-na.vercel.app,himo-na.vercel.app,dpl_7NSWDaXBUQraDyxUfdCu1hnFJgrb,71,sfo1,279,2048,,prj_5VMwLoi8gbQoVOauhp8ZkFtJNAaY,,,01KJ9DM8ZK8F03D5CC6MNBDQ18,Yt71aKkae1qH,1
2026-02-25 03:31:35,1771990295524,himo-na.vercel.app/home,GET,_rsc=16c0n,200,pvbqf-1771990295524-2648ba8d1b69,"Mozilla/5.0 (Windows NT 10.0; Win64; x64) AppleWebKit/537.36 (KHTML, like Gecko) Chrome/145.0.0.0 Safari/537.36",,production,main,MISS,function,/home.rsc,himo-na.vercel.app,himo-na.vercel.app,dpl_7NSWDaXBUQraDyxUfdCu1hnFJgrb,196,iad1,318,2048,,prj_5VMwLoi8gbQoVOauhp8ZkFtJNAaY,,,01KJ9DM93A1KFNBBT2GKTYAP9G,l74QnyRqw4g7,1
2026-02-25 03:31:33,1771990293870,himo-na.vercel.app/reflect/write,GET,type=prompted&prompt=Write%20about%20a%20person%20who%20inspires%20you.&_rsc=1ak1d,200,jgcwh-1771990293870-09e4498596c8,"Mozilla/5.0 (Windows NT 10.0; Win64; x64) AppleWebKit/537.36 (KHTML, like Gecko) Chrome/145.0.0.0 Safari/537.36",,production,main,MISS,function,/reflect/write.rsc,himo-na.vercel.app,self-care-o0r9t9mtz-kris-perezzs-projects.vercel.app,dpl_7NSWDaXBUQraDyxUfdCu1hnFJgrb,9,iad1,318,2048,,prj_5VMwLoi8gbQoVOauhp8ZkFtJNAaY,,,01KJ9DM7FWTH2SXGDNN8ZT9QJ8,l74QnyRqw4g7,1
2026-02-25 03:31:33,1771990293870,himo-na.vercel.app/reflect/write,GET,type=prompted&prompt=Write%20about%20a%20person%20who%20inspires%20you.&_rsc=1ak1d,200,jgcwh-1771990293870-09e4498596c8,"Mozilla/5.0 (Windows NT 10.0; Win64; x64) AppleWebKit/537.36 (KHTML, like Gecko) Chrome/145.0.0.0 Safari/537.36",,production,main,MISS,middleware,middleware,himo-na.vercel.app,self-care-o0r9t9mtz-kris-perezzs-projects.vercel.app,dpl_7NSWDaXBUQraDyxUfdCu1hnFJgrb,75,sfo1,279,2048,,prj_5VMwLoi8gbQoVOauhp8ZkFtJNAaY,,,01KJ9DM7BW6WXQ9F4XRHE5XC2R,Yt71aKkae1qH,1
2026-02-25 03:31:33,1771990293686,himo-na.vercel.app/login,GET,,304,5v7nv-1771990293686-8242542a849a,"Mozilla/5.0 (Windows NT 10.0; Win64; x64) AppleWebKit/537.36 (KHTML, like Gecko) Chrome/145.0.0.0 Safari/537.36",,production,main,HIT,middleware,middleware,himo-na.vercel.app,self-care-o0r9t9mtz-kris-perezzs-projects.vercel.app,dpl_7NSWDaXBUQraDyxUfdCu1hnFJgrb,4,sfo1,278,2048,,prj_5VMwLoi8gbQoVOauhp8ZkFtJNAaY,,,01KJ9DM743KGEPA69ENBFF0CSD,Yt71aKkae1qH,2
2026-02-25 03:31:33,1771990293686,himo-na.vercel.app/login,GET,,304,5v7nv-1771990293686-8242542a849a,"Mozilla/5.0 (Windows NT 10.0; Win64; x64) AppleWebKit/537.36 (KHTML, like Gecko) Chrome/145.0.0.0 Safari/537.36",,production,main,HIT,static,/login,himo-na.vercel.app,self-care-o0r9t9mtz-kris-perezzs-projects.vercel.app,dpl_7NSWDaXBUQraDyxUfdCu1hnFJgrb,31,pdx1,,,,prj_5VMwLoi8gbQoVOauhp8ZkFtJNAaY,,,,,
2026-02-25 03:31:33,1771990293613,himo-na.vercel.app/reflect/write,GET,type=prompted&prompt=Write%20about%20a%20person%20who%20inspires%20you.&_rsc=1ig9m,200,pvbqf-1771990293613-807f5bc3fa5a,"Mozilla/5.0 (Windows NT 10.0; Win64; x64) AppleWebKit/537.36 (KHTML, like Gecko) Chrome/145.0.0.0 Safari/537.36",,production,main,MISS,function,/reflect/write.rsc,himo-na.vercel.app,self-care-o0r9t9mtz-kris-perezzs-projects.vercel.app,dpl_7NSWDaXBUQraDyxUfdCu1hnFJgrb,7,iad1,318,2048,,prj_5VMwLoi8gbQoVOauhp8ZkFtJNAaY,,,01KJ9DM78QFDDWD9190Z84TM3X,l74QnyRqw4g7,1
2026-02-25 03:31:33,1771990293613,himo-na.vercel.app/reflect/write,GET,type=prompted&prompt=Write%20about%20a%20person%20who%20inspires%20you.&_rsc=1ig9m,200,pvbqf-1771990293613-807f5bc3fa5a,"Mozilla/5.0 (Windows NT 10.0; Win64; x64) AppleWebKit/537.36 (KHTML, like Gecko) Chrome/145.0.0.0 Safari/537.36",,production,main,MISS,middleware,middleware,himo-na.vercel.app,self-care-o0r9t9mtz-kris-perezzs-projects.vercel.app,dpl_7NSWDaXBUQraDyxUfdCu1hnFJgrb,93,sfo1,278,2048,,prj_5VMwLoi8gbQoVOauhp8ZkFtJNAaY,,,01KJ9DM743KGEPA69ENBFF0CSD,Yt71aKkae1qH,2
2026-02-25 03:31:33,1771990293613,himo-na.vercel.app/manifest.webmanifest,GET,,307,5v7nv-1771990293613-d790f0fda2bd,"Mozilla/5.0 (Windows NT 10.0; Win64; x64) AppleWebKit/537.36 (KHTML, like Gecko) Chrome/145.0.0.0 Safari/537.36",,production,main,,middleware,middleware,himo-na.vercel.app,self-care-o0r9t9mtz-kris-perezzs-projects.vercel.app,dpl_7NSWDaXBUQraDyxUfdCu1hnFJgrb,9,sfo1,284,2048,,prj_5VMwLoi8gbQoVOauhp8ZkFtJNAaY,,,01KJ9DM73ZJER5N6XZXJG8YJDF,NOzXduDoxRbf,1
2026-02-25 03:31:33,1771990293613,himo-na.vercel.app/manifest.webmanifest,GET,,307,5v7nv-1771990293613-d790f0fda2bd,"Mozilla/5.0 (Windows NT 10.0; Win64; x64) AppleWebKit/537.36 (KHTML, like Gecko) Chrome/145.0.0.0 Safari/537.36",,production,main,,redirect,/manifest.webmanifest,himo-na.vercel.app,self-care-o0r9t9mtz-kris-perezzs-projects.vercel.app,dpl_7NSWDaXBUQraDyxUfdCu1hnFJgrb,46,pdx1,,,,prj_5VMwLoi8gbQoVOauhp8ZkFtJNAaY,,,,,
2026-02-25 03:31:33,1771990293182,himo-na.vercel.app/reflect,GET,_rsc=1vz6n,200,kc6bz-1771990293003-33b1a6a81e46,"Mozilla/5.0 (Windows NT 10.0; Win64; x64) AppleWebKit/537.36 (KHTML, like Gecko) Chrome/145.0.0.0 Safari/537.36",info,production,main,MISS,function,/reflect,himo-na.vercel.app,himo-na.vercel.app,dpl_7NSWDaXBUQraDyxUfdCu1hnFJgrb,,,,,[server] getUser: 2.5ms,prj_5VMwLoi8gbQoVOauhp8ZkFtJNAaY,,,,,
2026-02-25 03:31:33,1771990293182,himo-na.vercel.app/reflect,GET,_rsc=1vz6n,200,kc6bz-1771990293003-33b1a6a81e46,"Mozilla/5.0 (Windows NT 10.0; Win64; x64) AppleWebKit/537.36 (KHTML, like Gecko) Chrome/145.0.0.0 Safari/537.36",warning,production,main,MISS,function,/reflect,himo-na.vercel.app,himo-na.vercel.app,dpl_7NSWDaXBUQraDyxUfdCu1hnFJgrb,,,,,Using the user object as returned from supabase.auth.getSession() or from some supabase.auth.onAuthStateChange() events could be insecure! This value comes directly from the storage medium (usually cookies on the server) and may not be authentic. Use supabase.auth.getUser() instead which authenticates the data by contacting the Supabase Auth server.,prj_5VMwLoi8gbQoVOauhp8ZkFtJNAaY,,,,,
2026-02-25 03:31:33,1771990293540,himo-na.vercel.app/reflect,GET,_rsc=1vz6n,200,kc6bz-1771990293003-33b1a6a81e46,"Mozilla/5.0 (Windows NT 10.0; Win64; x64) AppleWebKit/537.36 (KHTML, like Gecko) Chrome/145.0.0.0 Safari/537.36",info,production,main,MISS,function,/reflect,himo-na.vercel.app,himo-na.vercel.app,dpl_7NSWDaXBUQraDyxUfdCu1hnFJgrb,,,,,[server] /reflect parallel queries: 363.1ms,prj_5VMwLoi8gbQoVOauhp8ZkFtJNAaY,,,,,
2026-02-25 03:31:33,1771990293540,himo-na.vercel.app/reflect,GET,_rsc=1vz6n,200,kc6bz-1771990293003-33b1a6a81e46,"Mozilla/5.0 (Windows NT 10.0; Win64; x64) AppleWebKit/537.36 (KHTML, like Gecko) Chrome/145.0.0.0 Safari/537.36",info,production,main,MISS,function,/reflect,himo-na.vercel.app,himo-na.vercel.app,dpl_7NSWDaXBUQraDyxUfdCu1hnFJgrb,,,,,[server] /reflect total: 366.4ms,prj_5VMwLoi8gbQoVOauhp8ZkFtJNAaY,,,,,
2026-02-25 03:31:33,1771990293003,himo-na.vercel.app/reflect,GET,_rsc=1vz6n,200,kc6bz-1771990293003-33b1a6a81e46,"Mozilla/5.0 (Windows NT 10.0; Win64; x64) AppleWebKit/537.36 (KHTML, like Gecko) Chrome/145.0.0.0 Safari/537.36",,production,main,MISS,middleware,middleware,himo-na.vercel.app,himo-na.vercel.app,dpl_7NSWDaXBUQraDyxUfdCu1hnFJgrb,82,sfo1,284,2048,,prj_5VMwLoi8gbQoVOauhp8ZkFtJNAaY,,,01KJ9DM6GYSGBZ01KRCG9ZEBCM,NOzXduDoxRbf,1
2026-02-25 03:31:33,1771990293003,himo-na.vercel.app/reflect,GET,_rsc=1vz6n,200,kc6bz-1771990293003-33b1a6a81e46,"Mozilla/5.0 (Windows NT 10.0; Win64; x64) AppleWebKit/537.36 (KHTML, like Gecko) Chrome/145.0.0.0 Safari/537.36",,production,main,MISS,function,/reflect.rsc,himo-na.vercel.app,himo-na.vercel.app,dpl_7NSWDaXBUQraDyxUfdCu1hnFJgrb,378,iad1,318,2048,,prj_5VMwLoi8gbQoVOauhp8ZkFtJNAaY,,,01KJ9DM6N4TQ8S7AMY6G1WQCVW,l74QnyRqw4g7,1
2026-02-25 03:31:21,1771990281324,himo-na.vercel.app/login,GET,,304,5cl2h-1771990281324-7a0dafc0bb6d,"Mozilla/5.0 (Windows NT 10.0; Win64; x64) AppleWebKit/537.36 (KHTML, like Gecko) Chrome/145.0.0.0 Safari/537.36",,production,main,HIT,middleware,middleware,himo-na.vercel.app,self-care-o0r9t9mtz-kris-perezzs-projects.vercel.app,dpl_7NSWDaXBUQraDyxUfdCu1hnFJgrb,9,sfo1,284,2048,,prj_5VMwLoi8gbQoVOauhp8ZkFtJNAaY,,,01KJ9DKV3TZAPSVVYQK3NHWKWG,NOzXduDoxRbf,1
2026-02-25 03:31:21,1771990281324,himo-na.vercel.app/login,GET,,304,5cl2h-1771990281324-7a0dafc0bb6d,"Mozilla/5.0 (Windows NT 10.0; Win64; x64) AppleWebKit/537.36 (KHTML, like Gecko) Chrome/145.0.0.0 Safari/537.36",,production,main,HIT,static,/login,himo-na.vercel.app,self-care-o0r9t9mtz-kris-perezzs-projects.vercel.app,dpl_7NSWDaXBUQraDyxUfdCu1hnFJgrb,130,pdx1,,,,prj_5VMwLoi8gbQoVOauhp8ZkFtJNAaY,,,,,
2026-02-25 03:31:21,1771990281246,himo-na.vercel.app/manifest.webmanifest,GET,,307,5cl2h-1771990281246-944ae55b0c49,"Mozilla/5.0 (Windows NT 10.0; Win64; x64) AppleWebKit/537.36 (KHTML, like Gecko) Chrome/145.0.0.0 Safari/537.36",,production,main,,middleware,middleware,himo-na.vercel.app,self-care-o0r9t9mtz-kris-perezzs-projects.vercel.app,dpl_7NSWDaXBUQraDyxUfdCu1hnFJgrb,8,sfo1,284,2048,,prj_5VMwLoi8gbQoVOauhp8ZkFtJNAaY,,,01KJ9DKV1EWGB4AJMDYHP1WEZE,NOzXduDoxRbf,1
2026-02-25 03:31:21,1771990281246,himo-na.vercel.app/manifest.webmanifest,GET,,307,5cl2h-1771990281246-944ae55b0c49,"Mozilla/5.0 (Windows NT 10.0; Win64; x64) AppleWebKit/537.36 (KHTML, like Gecko) Chrome/145.0.0.0 Safari/537.36",,production,main,,redirect,/manifest.webmanifest,himo-na.vercel.app,self-care-o0r9t9mtz-kris-perezzs-projects.vercel.app,dpl_7NSWDaXBUQraDyxUfdCu1hnFJgrb,43,pdx1,,,,prj_5VMwLoi8gbQoVOauhp8ZkFtJNAaY,,,,,
2026-02-25 03:31:21,1771990281034,himo-na.vercel.app/rewards,GET,_rsc=lc8ex,200,vfxq6-1771990280882-713eb73547b6,"Mozilla/5.0 (Windows NT 10.0; Win64; x64) AppleWebKit/537.36 (KHTML, like Gecko) Chrome/145.0.0.0 Safari/537.36",info,production,main,MISS,function,/rewards,himo-na.vercel.app,himo-na.vercel.app,dpl_7NSWDaXBUQraDyxUfdCu1hnFJgrb,,,,,[server] getUser: 3.0ms,prj_5VMwLoi8gbQoVOauhp8ZkFtJNAaY,,,,,
2026-02-25 03:31:21,1771990281034,himo-na.vercel.app/rewards,GET,_rsc=lc8ex,200,vfxq6-1771990280882-713eb73547b6,"Mozilla/5.0 (Windows NT 10.0; Win64; x64) AppleWebKit/537.36 (KHTML, like Gecko) Chrome/145.0.0.0 Safari/537.36",warning,production,main,MISS,function,/rewards,himo-na.vercel.app,himo-na.vercel.app,dpl_7NSWDaXBUQraDyxUfdCu1hnFJgrb,,,,,Using the user object as returned from supabase.auth.getSession() or from some supabase.auth.onAuthStateChange() events could be insecure! This value comes directly from the storage medium (usually cookies on the server) and may not be authentic. Use supabase.auth.getUser() instead which authenticates the data by contacting the Supabase Auth server.,prj_5VMwLoi8gbQoVOauhp8ZkFtJNAaY,,,,,
2026-02-25 03:31:21,1771990281175,himo-na.vercel.app/rewards,GET,_rsc=lc8ex,200,vfxq6-1771990280882-713eb73547b6,"Mozilla/5.0 (Windows NT 10.0; Win64; x64) AppleWebKit/537.36 (KHTML, like Gecko) Chrome/145.0.0.0 Safari/537.36",info,production,main,MISS,function,/rewards,himo-na.vercel.app,himo-na.vercel.app,dpl_7NSWDaXBUQraDyxUfdCu1hnFJgrb,,,,,[server] getBalance: 140.5ms,prj_5VMwLoi8gbQoVOauhp8ZkFtJNAaY,,,,,
2026-02-25 03:31:21,1771990281175,himo-na.vercel.app/rewards,GET,_rsc=lc8ex,200,vfxq6-1771990280882-713eb73547b6,"Mozilla/5.0 (Windows NT 10.0; Win64; x64) AppleWebKit/537.36 (KHTML, like Gecko) Chrome/145.0.0.0 Safari/537.36",info,production,main,MISS,function,/rewards,himo-na.vercel.app,himo-na.vercel.app,dpl_7NSWDaXBUQraDyxUfdCu1hnFJgrb,,,,,[server] /rewards queries: 140.6ms,prj_5VMwLoi8gbQoVOauhp8ZkFtJNAaY,,,,,
2026-02-25 03:31:21,1771990281175,himo-na.vercel.app/rewards,GET,_rsc=lc8ex,200,vfxq6-1771990280882-713eb73547b6,"Mozilla/5.0 (Windows NT 10.0; Win64; x64) AppleWebKit/537.36 (KHTML, like Gecko) Chrome/145.0.0.0 Safari/537.36",info,production,main,MISS,function,/rewards,himo-na.vercel.app,himo-na.vercel.app,dpl_7NSWDaXBUQraDyxUfdCu1hnFJgrb,,,,,[server] /rewards total: 144.3ms,prj_5VMwLoi8gbQoVOauhp8ZkFtJNAaY,,,,,
2026-02-25 03:31:20,1771990280882,himo-na.vercel.app/rewards,GET,_rsc=lc8ex,200,vfxq6-1771990280882-713eb73547b6,"Mozilla/5.0 (Windows NT 10.0; Win64; x64) AppleWebKit/537.36 (KHTML, like Gecko) Chrome/145.0.0.0 Safari/537.36",,production,main,MISS,function,/rewards.rsc,himo-na.vercel.app,himo-na.vercel.app,dpl_7NSWDaXBUQraDyxUfdCu1hnFJgrb,154,iad1,318,2048,,prj_5VMwLoi8gbQoVOauhp8ZkFtJNAaY,,,01KJ9DKTSKNZNQH244E6VWW79T,l74QnyRqw4g7,1
2026-02-25 03:31:20,1771990280882,himo-na.vercel.app/rewards,GET,_rsc=lc8ex,200,vfxq6-1771990280882-713eb73547b6,"Mozilla/5.0 (Windows NT 10.0; Win64; x64) AppleWebKit/537.36 (KHTML, like Gecko) Chrome/145.0.0.0 Safari/537.36",,production,main,MISS,middleware,middleware,himo-na.vercel.app,himo-na.vercel.app,dpl_7NSWDaXBUQraDyxUfdCu1hnFJgrb,71,sfo1,284,2048,,prj_5VMwLoi8gbQoVOauhp8ZkFtJNAaY,,,01KJ9DKTKYF219BKP8ND89EQ41,NOzXduDoxRbf,2
2026-02-25 03:31:20,1771990280841,himo-na.vercel.app/reflect/write,GET,type=prompted&prompt=How%20did%20you%20take%20care%20of%20yourself%20today%3F&_rsc=1ak1d,200,rl6rb-1771990280841-d3a5e8ea3f3e,"Mozilla/5.0 (Windows NT 10.0; Win64; x64) AppleWebKit/537.36 (KHTML, like Gecko) Chrome/145.0.0.0 Safari/537.36",,production,main,MISS,function,/reflect/write.rsc,himo-na.vercel.app,self-care-o0r9t9mtz-kris-perezzs-projects.vercel.app,dpl_7NSWDaXBUQraDyxUfdCu1hnFJgrb,10,iad1,318,2048,,prj_5VMwLoi8gbQoVOauhp8ZkFtJNAaY,,,01KJ9DKTR9V0GEQPH0CRZ9F4BZ,l74QnyRqw4g7,1
2026-02-25 03:31:20,1771990280841,himo-na.vercel.app/reflect/write,GET,type=prompted&prompt=How%20did%20you%20take%20care%20of%20yourself%20today%3F&_rsc=1ak1d,200,rl6rb-1771990280841-d3a5e8ea3f3e,"Mozilla/5.0 (Windows NT 10.0; Win64; x64) AppleWebKit/537.36 (KHTML, like Gecko) Chrome/145.0.0.0 Safari/537.36",,production,main,MISS,middleware,middleware,himo-na.vercel.app,self-care-o0r9t9mtz-kris-perezzs-projects.vercel.app,dpl_7NSWDaXBUQraDyxUfdCu1hnFJgrb,65,sfo1,278,2048,,prj_5VMwLoi8gbQoVOauhp8ZkFtJNAaY,,,01KJ9DKTMPYJ5K9J8DEJRTJ2TZ,Yt71aKkae1qH,1
2026-02-25 03:31:20,1771990280817,himo-na.vercel.app/reflect/write,GET,type=prompted&prompt=What%20are%20you%20looking%20forward%20to%3F&_rsc=1ak1d,,6h2kw-1771990280817-012f105fe28a,"Mozilla/5.0 (Windows NT 10.0; Win64; x64) AppleWebKit/537.36 (KHTML, like Gecko) Chrome/145.0.0.0 Safari/537.36",,production,,,function,/reflect/write.rsc,himo-na.vercel.app,,dpl_7NSWDaXBUQraDyxUfdCu1hnFJgrb,10,iad1,318,2048,,prj_5VMwLoi8gbQoVOauhp8ZkFtJNAaY,,,01KJ9DKTQWG4NCTBFDZT8GJXDC,l74QnyRqw4g7,1
2026-02-25 03:31:20,1771990280817,himo-na.vercel.app/reflect/write,GET,type=prompted&prompt=What%20are%20you%20looking%20forward%20to%3F&_rsc=1ak1d,,6h2kw-1771990280817-012f105fe28a,"Mozilla/5.0 (Windows NT 10.0; Win64; x64) AppleWebKit/537.36 (KHTML, like Gecko) Chrome/145.0.0.0 Safari/537.36",,production,,,middleware,middleware,himo-na.vercel.app,,dpl_7NSWDaXBUQraDyxUfdCu1hnFJgrb,70,sfo1,284,2048,,prj_5VMwLoi8gbQoVOauhp8ZkFtJNAaY,,,01KJ9DKTKYF219BKP8ND89EQ41,NOzXduDoxRbf,2
2026-02-25 03:31:20,1771990280709,himo-na.vercel.app/login,GET,,304,hwvml-1771990280709-ca0efcb568cd,"Mozilla/5.0 (Windows NT 10.0; Win64; x64) AppleWebKit/537.36 (KHTML, like Gecko) Chrome/145.0.0.0 Safari/537.36",,production,main,HIT,middleware,middleware,himo-na.vercel.app,self-care-o0r9t9mtz-kris-perezzs-projects.vercel.app,dpl_7NSWDaXBUQraDyxUfdCu1hnFJgrb,9,sfo1,284,2048,,prj_5VMwLoi8gbQoVOauhp8ZkFtJNAaY,,,01KJ9DKTGTZER0KSDBW4JFT5XZ,NOzXduDoxRbf,1
2026-02-25 03:31:20,1771990280709,himo-na.vercel.app/login,GET,,304,hwvml-1771990280709-ca0efcb568cd,"Mozilla/5.0 (Windows NT 10.0; Win64; x64) AppleWebKit/537.36 (KHTML, like Gecko) Chrome/145.0.0.0 Safari/537.36",,production,main,HIT,static,/login,himo-na.vercel.app,self-care-o0r9t9mtz-kris-perezzs-projects.vercel.app,dpl_7NSWDaXBUQraDyxUfdCu1hnFJgrb,54,pdx1,,,,prj_5VMwLoi8gbQoVOauhp8ZkFtJNAaY,,,,,
2026-02-25 03:31:20,1771990280599,himo-na.vercel.app/manifest.webmanifest,GET,,307,9xb4q-1771990280599-0b62b5315de8,"Mozilla/5.0 (Windows NT 10.0; Win64; x64) AppleWebKit/537.36 (KHTML, like Gecko) Chrome/145.0.0.0 Safari/537.36",,production,main,,middleware,middleware,himo-na.vercel.app,self-care-o0r9t9mtz-kris-perezzs-projects.vercel.app,dpl_7NSWDaXBUQraDyxUfdCu1hnFJgrb,50,sfo1,282,2048,,prj_5VMwLoi8gbQoVOauhp8ZkFtJNAaY,,,01KJ9DKTDA46M04QN55VFY51XW,hQZDarSPGa97,1
2026-02-25 03:31:20,1771990280599,himo-na.vercel.app/manifest.webmanifest,GET,,307,9xb4q-1771990280599-0b62b5315de8,"Mozilla/5.0 (Windows NT 10.0; Win64; x64) AppleWebKit/537.36 (KHTML, like Gecko) Chrome/145.0.0.0 Safari/537.36",,production,main,,redirect,/manifest.webmanifest,himo-na.vercel.app,self-care-o0r9t9mtz-kris-perezzs-projects.vercel.app,dpl_7NSWDaXBUQraDyxUfdCu1hnFJgrb,83,pdx1,,,,prj_5VMwLoi8gbQoVOauhp8ZkFtJNAaY,,,,,
2026-02-25 03:31:20,1771990280599,himo-na.vercel.app/reflect/write,GET,type=prompted&prompt=How%20did%20you%20take%20care%20of%20yourself%20today%3F&_rsc=1ig9m,,6h2kw-1771990280599-5f41f04741ef,"Mozilla/5.0 (Windows NT 10.0; Win64; x64) AppleWebKit/537.36 (KHTML, like Gecko) Chrome/145.0.0.0 Safari/537.36",,production,,,function,/reflect/write.rsc,himo-na.vercel.app,,dpl_7NSWDaXBUQraDyxUfdCu1hnFJgrb,11,iad1,318,2048,,prj_5VMwLoi8gbQoVOauhp8ZkFtJNAaY,,,01KJ9DKTHSKVNV6F0AZHD46QXH,l74QnyRqw4g7,1
2026-02-25 03:31:20,1771990280599,himo-na.vercel.app/reflect/write,GET,type=prompted&prompt=How%20did%20you%20take%20care%20of%20yourself%20today%3F&_rsc=1ig9m,,6h2kw-1771990280599-5f41f04741ef,"Mozilla/5.0 (Windows NT 10.0; Win64; x64) AppleWebKit/537.36 (KHTML, like Gecko) Chrome/145.0.0.0 Safari/537.36",,production,,,middleware,middleware,himo-na.vercel.app,,dpl_7NSWDaXBUQraDyxUfdCu1hnFJgrb,92,sfo1,285,2048,,prj_5VMwLoi8gbQoVOauhp8ZkFtJNAaY,,,01KJ9DKTD62Z0ZZR6GH6WMPEHV,NOzXduDoxRbf,1
2026-02-25 03:31:20,1771990280599,himo-na.vercel.app/reflect/write,GET,type=prompted&prompt=What%20are%20you%20looking%20forward%20to%3F&_rsc=1ig9m,200,5v7nv-1771990280599-3845084e2d09,"Mozilla/5.0 (Windows NT 10.0; Win64; x64) AppleWebKit/537.36 (KHTML, like Gecko) Chrome/145.0.0.0 Safari/537.36",,production,main,MISS,function,/reflect/write.rsc,himo-na.vercel.app,self-care-o0r9t9mtz-kris-perezzs-projects.vercel.app,dpl_7NSWDaXBUQraDyxUfdCu1hnFJgrb,9,iad1,318,2048,,prj_5VMwLoi8gbQoVOauhp8ZkFtJNAaY,,,01KJ9DKTGR5V2Q6YGHJHPW67A0,l74QnyRqw4g7,1
2026-02-25 03:31:20,1771990280599,himo-na.vercel.app/reflect/write,GET,type=prompted&prompt=What%20are%20you%20looking%20forward%20to%3F&_rsc=1ig9m,200,5v7nv-1771990280599-3845084e2d09,"Mozilla/5.0 (Windows NT 10.0; Win64; x64) AppleWebKit/537.36 (KHTML, like Gecko) Chrome/145.0.0.0 Safari/537.36",,production,main,MISS,middleware,middleware,himo-na.vercel.app,self-care-o0r9t9mtz-kris-perezzs-projects.vercel.app,dpl_7NSWDaXBUQraDyxUfdCu1hnFJgrb,66,sfo1,278,2048,,prj_5VMwLoi8gbQoVOauhp8ZkFtJNAaY,,,01KJ9DKTD50TJKJFHCQ4PXG9D8,Yt71aKkae1qH,1
2026-02-25 03:31:20,1771990280381,himo-na.vercel.app/reflect,GET,_rsc=j113b,200,cr9ln-1771990280143-c1251c23532e,"Mozilla/5.0 (Windows NT 10.0; Win64; x64) AppleWebKit/537.36 (KHTML, like Gecko) Chrome/145.0.0.0 Safari/537.36",info,production,main,MISS,function,/reflect,himo-na.vercel.app,himo-na.vercel.app,dpl_7NSWDaXBUQraDyxUfdCu1hnFJgrb,,,,,[server] getUser: 2.5ms,prj_5VMwLoi8gbQoVOauhp8ZkFtJNAaY,,,,,
2026-02-25 03:31:20,1771990280381,himo-na.vercel.app/reflect,GET,_rsc=j113b,200,cr9ln-1771990280143-c1251c23532e,"Mozilla/5.0 (Windows NT 10.0; Win64; x64) AppleWebKit/537.36 (KHTML, like Gecko) Chrome/145.0.0.0 Safari/537.36",warning,production,main,MISS,function,/reflect,himo-na.vercel.app,himo-na.vercel.app,dpl_7NSWDaXBUQraDyxUfdCu1hnFJgrb,,,,,Using the user object as returned from supabase.auth.getSession() or from some supabase.auth.onAuthStateChange() events could be insecure! This value comes directly from the storage medium (usually cookies on the server) and may not be authentic. Use supabase.auth.getUser() instead which authenticates the data by contacting the Supabase Auth server.,prj_5VMwLoi8gbQoVOauhp8ZkFtJNAaY,,,,,
2026-02-25 03:31:20,1771990280529,himo-na.vercel.app/reflect,GET,_rsc=j113b,200,cr9ln-1771990280143-c1251c23532e,"Mozilla/5.0 (Windows NT 10.0; Win64; x64) AppleWebKit/537.36 (KHTML, like Gecko) Chrome/145.0.0.0 Safari/537.36",info,production,main,MISS,function,/reflect,himo-na.vercel.app,himo-na.vercel.app,dpl_7NSWDaXBUQraDyxUfdCu1hnFJgrb,,,,,[server] /reflect parallel queries: 146.3ms,prj_5VMwLoi8gbQoVOauhp8ZkFtJNAaY,,,,,
2026-02-25 03:31:20,1771990280530,himo-na.vercel.app/reflect,GET,_rsc=j113b,200,cr9ln-1771990280143-c1251c23532e,"Mozilla/5.0 (Windows NT 10.0; Win64; x64) AppleWebKit/537.36 (KHTML, like Gecko) Chrome/145.0.0.0 Safari/537.36",info,production,main,MISS,function,/reflect,himo-na.vercel.app,himo-na.vercel.app,dpl_7NSWDaXBUQraDyxUfdCu1hnFJgrb,,,,,[server] /reflect total: 150.8ms,prj_5VMwLoi8gbQoVOauhp8ZkFtJNAaY,,,,,
2026-02-25 03:31:20,1771990280143,himo-na.vercel.app/reflect,GET,_rsc=j113b,200,cr9ln-1771990280143-c1251c23532e,"Mozilla/5.0 (Windows NT 10.0; Win64; x64) AppleWebKit/537.36 (KHTML, like Gecko) Chrome/145.0.0.0 Safari/537.36",,production,main,MISS,function,/reflect.rsc,himo-na.vercel.app,himo-na.vercel.app,dpl_7NSWDaXBUQraDyxUfdCu1hnFJgrb,161,iad1,318,2048,,prj_5VMwLoi8gbQoVOauhp8ZkFtJNAaY,,,01KJ9DKT575F8ZYKCV4BQ1H6HG,l74QnyRqw4g7,1
2026-02-25 03:31:20,1771990280143,himo-na.vercel.app/reflect,GET,_rsc=j113b,200,cr9ln-1771990280143-c1251c23532e,"Mozilla/5.0 (Windows NT 10.0; Win64; x64) AppleWebKit/537.36 (KHTML, like Gecko) Chrome/145.0.0.0 Safari/537.36",,production,main,MISS,middleware,middleware,himo-na.vercel.app,himo-na.vercel.app,dpl_7NSWDaXBUQraDyxUfdCu1hnFJgrb,153,sfo1,278,2048,,prj_5VMwLoi8gbQoVOauhp8ZkFtJNAaY,,,01KJ9DKSYWG2NDACEM8T3QH565,Yt71aKkae1qH,1
2026-02-25 03:31:19,1771990279649,himo-na.vercel.app/login,GET,,304,jgcwh-1771990279649-ed944187f95c,"Mozilla/5.0 (Windows NT 10.0; Win64; x64) AppleWebKit/537.36 (KHTML, like Gecko) Chrome/145.0.0.0 Safari/537.36",,production,main,HIT,middleware,middleware,himo-na.vercel.app,self-care-o0r9t9mtz-kris-perezzs-projects.vercel.app,dpl_7NSWDaXBUQraDyxUfdCu1hnFJgrb,7,sfo1,278,2048,,prj_5VMwLoi8gbQoVOauhp8ZkFtJNAaY,,,01KJ9DKSFG9KFKEXQN9A0MGF91,Yt71aKkae1qH,1
2026-02-25 03:31:19,1771990279649,himo-na.vercel.app/login,GET,,304,jgcwh-1771990279649-ed944187f95c,"Mozilla/5.0 (Windows NT 10.0; Win64; x64) AppleWebKit/537.36 (KHTML, like Gecko) Chrome/145.0.0.0 Safari/537.36",,production,main,HIT,static,/login,himo-na.vercel.app,self-care-o0r9t9mtz-kris-perezzs-projects.vercel.app,dpl_7NSWDaXBUQraDyxUfdCu1hnFJgrb,45,pdx1,,,,prj_5VMwLoi8gbQoVOauhp8ZkFtJNAaY,,,,,
2026-02-25 03:31:19,1771990279580,himo-na.vercel.app/manifest.webmanifest,GET,,307,5v7nv-1771990279580-b16cedf18f29,"Mozilla/5.0 (Windows NT 10.0; Win64; x64) AppleWebKit/537.36 (KHTML, like Gecko) Chrome/145.0.0.0 Safari/537.36",,production,main,,middleware,middleware,himo-na.vercel.app,self-care-o0r9t9mtz-kris-perezzs-projects.vercel.app,dpl_7NSWDaXBUQraDyxUfdCu1hnFJgrb,8,sfo1,278,2048,,prj_5VMwLoi8gbQoVOauhp8ZkFtJNAaY,,,01KJ9DKSDBR66M9JQC9N4RHXX0,Yt71aKkae1qH,1
2026-02-25 03:31:19,1771990279580,himo-na.vercel.app/manifest.webmanifest,GET,,307,5v7nv-1771990279580-b16cedf18f29,"Mozilla/5.0 (Windows NT 10.0; Win64; x64) AppleWebKit/537.36 (KHTML, like Gecko) Chrome/145.0.0.0 Safari/537.36",,production,main,,redirect,/manifest.webmanifest,himo-na.vercel.app,self-care-o0r9t9mtz-kris-perezzs-projects.vercel.app,dpl_7NSWDaXBUQraDyxUfdCu1hnFJgrb,42,pdx1,,,,prj_5VMwLoi8gbQoVOauhp8ZkFtJNAaY,,,,,
2026-02-25 03:31:19,1771990279349,himo-na.vercel.app/goals,GET,_rsc=v4o00,200,xsdrw-1771990279173-cda73f7e15cc,"Mozilla/5.0 (Windows NT 10.0; Win64; x64) AppleWebKit/537.36 (KHTML, like Gecko) Chrome/145.0.0.0 Safari/537.36",info,production,main,MISS,function,/goals,himo-na.vercel.app,himo-na.vercel.app,dpl_7NSWDaXBUQraDyxUfdCu1hnFJgrb,,,,,[server] getUser: 5.0ms,prj_5VMwLoi8gbQoVOauhp8ZkFtJNAaY,,,,,
2026-02-25 03:31:19,1771990279349,himo-na.vercel.app/goals,GET,_rsc=v4o00,200,xsdrw-1771990279173-cda73f7e15cc,"Mozilla/5.0 (Windows NT 10.0; Win64; x64) AppleWebKit/537.36 (KHTML, like Gecko) Chrome/145.0.0.0 Safari/537.36",warning,production,main,MISS,function,/goals,himo-na.vercel.app,himo-na.vercel.app,dpl_7NSWDaXBUQraDyxUfdCu1hnFJgrb,,,,,Using the user object as returned from supabase.auth.getSession() or from some supabase.auth.onAuthStateChange() events could be insecure! This value comes directly from the storage medium (usually cookies on the server) and may not be authentic. Use supabase.auth.getUser() instead which authenticates the data by contacting the Supabase Auth server.,prj_5VMwLoi8gbQoVOauhp8ZkFtJNAaY,,,,,
2026-02-25 03:31:19,1771990279512,himo-na.vercel.app/goals,GET,_rsc=v4o00,200,xsdrw-1771990279173-cda73f7e15cc,"Mozilla/5.0 (Windows NT 10.0; Win64; x64) AppleWebKit/537.36 (KHTML, like Gecko) Chrome/145.0.0.0 Safari/537.36",info,production,main,MISS,function,/goals,himo-na.vercel.app,himo-na.vercel.app,dpl_7NSWDaXBUQraDyxUfdCu1hnFJgrb,,,,,[server] /goals query: 160.7ms,prj_5VMwLoi8gbQoVOauhp8ZkFtJNAaY,,,,,
2026-02-25 03:31:19,1771990279512,himo-na.vercel.app/goals,GET,_rsc=v4o00,200,xsdrw-1771990279173-cda73f7e15cc,"Mozilla/5.0 (Windows NT 10.0; Win64; x64) AppleWebKit/537.36 (KHTML, like Gecko) Chrome/145.0.0.0 Safari/537.36",info,production,main,MISS,function,/goals,himo-na.vercel.app,himo-na.vercel.app,dpl_7NSWDaXBUQraDyxUfdCu1hnFJgrb,,,,,[server] /goals total: 166.7ms,prj_5VMwLoi8gbQoVOauhp8ZkFtJNAaY,,,,,
2026-02-25 03:31:19,1771990279173,himo-na.vercel.app/goals,GET,_rsc=v4o00,200,xsdrw-1771990279173-cda73f7e15cc,"Mozilla/5.0 (Windows NT 10.0; Win64; x64) AppleWebKit/537.36 (KHTML, like Gecko) Chrome/145.0.0.0 Safari/537.36",,production,main,MISS,middleware,middleware,himo-na.vercel.app,himo-na.vercel.app,dpl_7NSWDaXBUQraDyxUfdCu1hnFJgrb,77,sfo1,278,2048,,prj_5VMwLoi8gbQoVOauhp8ZkFtJNAaY,,,01KJ9DKS0TXWERXE2E0KD08JKB,Yt71aKkae1qH,1
2026-02-25 03:31:19,1771990279173,himo-na.vercel.app/goals,GET,_rsc=v4o00,200,xsdrw-1771990279173-cda73f7e15cc,"Mozilla/5.0 (Windows NT 10.0; Win64; x64) AppleWebKit/537.36 (KHTML, like Gecko) Chrome/145.0.0.0 Safari/537.36",,production,main,MISS,function,/goals.rsc,himo-na.vercel.app,himo-na.vercel.app,dpl_7NSWDaXBUQraDyxUfdCu1hnFJgrb,180,iad1,318,2048,,prj_5VMwLoi8gbQoVOauhp8ZkFtJNAaY,,,01KJ9DKS4X8YMS9GECPJCVRFVC,l74QnyRqw4g7,1
2026-02-25 03:31:14,1771990274920,himo-na.vercel.app/login,GET,,304,fqz29-1771990274920-b028d2a8ccb7,"Mozilla/5.0 (Windows NT 10.0; Win64; x64) AppleWebKit/537.36 (KHTML, like Gecko) Chrome/145.0.0.0 Safari/537.36",,production,main,HIT,middleware,middleware,himo-na.vercel.app,self-care-o0r9t9mtz-kris-perezzs-projects.vercel.app,dpl_7NSWDaXBUQraDyxUfdCu1hnFJgrb,8,sfo1,278,2048,,prj_5VMwLoi8gbQoVOauhp8ZkFtJNAaY,,,01KJ9DKMVQEP7MACEFVDQ1V8VJ,Yt71aKkae1qH,1
2026-02-25 03:31:14,1771990274920,himo-na.vercel.app/login,GET,,304,fqz29-1771990274920-b028d2a8ccb7,"Mozilla/5.0 (Windows NT 10.0; Win64; x64) AppleWebKit/537.36 (KHTML, like Gecko) Chrome/145.0.0.0 Safari/537.36",,production,main,HIT,static,/login,himo-na.vercel.app,self-care-o0r9t9mtz-kris-perezzs-projects.vercel.app,dpl_7NSWDaXBUQraDyxUfdCu1hnFJgrb,44,pdx1,,,,prj_5VMwLoi8gbQoVOauhp8ZkFtJNAaY,,,,,
2026-02-25 03:31:14,1771990274850,himo-na.vercel.app/manifest.webmanifest,GET,,307,vfxq6-1771990274850-65fbce54925c,"Mozilla/5.0 (Windows NT 10.0; Win64; x64) AppleWebKit/537.36 (KHTML, like Gecko) Chrome/145.0.0.0 Safari/537.36",,production,main,,middleware,middleware,himo-na.vercel.app,self-care-o0r9t9mtz-kris-perezzs-projects.vercel.app,dpl_7NSWDaXBUQraDyxUfdCu1hnFJgrb,9,sfo1,278,2048,,prj_5VMwLoi8gbQoVOauhp8ZkFtJNAaY,,,01KJ9DKMSFZ6T0SFNPK8TY2T96,Yt71aKkae1qH,1
2026-02-25 03:31:14,1771990274850,himo-na.vercel.app/manifest.webmanifest,GET,,307,vfxq6-1771990274850-65fbce54925c,"Mozilla/5.0 (Windows NT 10.0; Win64; x64) AppleWebKit/537.36 (KHTML, like Gecko) Chrome/145.0.0.0 Safari/537.36",,production,main,,redirect,/manifest.webmanifest,himo-na.vercel.app,self-care-o0r9t9mtz-kris-perezzs-projects.vercel.app,dpl_7NSWDaXBUQraDyxUfdCu1hnFJgrb,43,pdx1,,,,prj_5VMwLoi8gbQoVOauhp8ZkFtJNAaY,,,,,
